-0.009352 -0.013599 -0.008597 -0.009359 0.015842 -0.028192 0.025679 -0.005471 0.038519 -0.095568 -0.038420 -0.007634 -0.020985 -0.035207 0.001093 0.016307 0.004209 -0.026800 -0.023840 0.002674 0.044197 0.019527 0.073669 0.007992 -0.048180 -0.032757 -0.014164 0.073780 0.042501 0.014996 -0.012643 0.028670 -0.004046 -0.063611 -0.035063 -0.077577 -0.002223 -0.042779 0.026048 -0.009396 0.010587 0.022180 0.021980 0.050517 -0.026074 -0.057545 -0.048872 0.067124 -0.019356 -0.026741 -0.045840 0.029195 -0.029845 0.025089 0.014640 0.035433 -0.040141 -0.000951 -0.002791 0.019696 -0.005534 0.000584 0.051205 0.013185 -0.062711 -0.034008 0.070912 -0.047604 -0.053362 0.023157 0.007210 0.040855 0.060582 0.029837 0.032874 -0.046759 0.027772 -0.016458 0.009352 0.002343 0.022651 -0.022188 0.088895 0.083864 -0.077121 0.041317 -0.014045 0.021214 0.076026 0.007903 0.019263 -0.076422 0.014378 -0.004885 0.019804 0.048058 -0.003670 0.000158 -0.023111 -0.082460 -0.001297 0.106831 0.059308 -0.035176 -0.002371 0.039692 0.031544 -0.020651 0.000036 -0.032706 0.028624 0.025111 -0.052745 -0.021973 -0.037342 -0.073337 0.010249 -0.012572 -0.003118 -0.082008 -0.020643 0.040762 -0.019550 0.027697 -0.017621 0.002461 0.051171 -0.006834 
0.031697 -0.037703 0.019033 0.025336 0.088111 -0.065126 -0.033115 -0.028362 0.054446 -0.175440 -0.025255 -0.061010 -0.025644 -0.029564 0.058468 -0.066358 0.051999 0.043842 0.050426 0.027287 0.016324 -0.001366 0.081801 0.015460 -0.046981 -0.034077 0.025566 0.033247 0.113995 0.028267 0.009293 -0.018152 0.011572 -0.064776 -0.085039 -0.109494 0.045532 -0.038542 0.022789 0.007356 0.014082 0.102363 0.050961 -0.033305 -0.012560 0.009611 0.011564 0.034106 -0.039726 -0.065968 0.000739 0.055191 -0.041041 -0.031847 0.030024 -0.055626 -0.036819 -0.000430 -0.059224 -0.013360 -0.031598 0.034024 0.098685 -0.015714 -0.115117 0.001038 0.076890 -0.060693 -0.117037 0.053825 -0.046364 -0.027843 0.083221 0.049781 0.088237 -0.036943 0.024622 0.075401 0.011367 0.058495 0.039262 -0.000413 0.036873 -0.015351 -0.067451 -0.001321 -0.017110 0.026516 -0.004426 -0.005955 -0.045546 -0.168275 -0.010732 0.009763 -0.042654 0.032195 -0.028103 0.009497 -0.057089 -0.142211 0.025049 0.106304 0.133879 0.017663 -0.046792 0.076175 0.037163 -0.045270 0.008717 -0.071458 0.054844 0.010539 -0.139030 0.022140 -0.015457 0.010546 0.083236 0.026612 -0.030833 -0.048059 0.018276 0.029479 -0.063071 0.110665 -0.025693 0.006244 0.053532 0.041752 
-0.030869 0.053124 -0.001884 -0.090133 -0.183924 0.149849 0.122375 0.047319 -0.095678 0.291690 0.044495 0.133570 0.041099 0.012386 -0.114855 0.159068 -0.117299 -0.130690 -0.118050 -0.062939 -0.075795 0.029999 -0.107135 -0.010731 0.053113 0.008580 -0.050673 -0.037053 -0.186421 -0.033964 -0.053236 0.056722 -0.043128 0.111476 0.124367 0.155769 -0.113730 0.041282 -0.023873 -0.025925 -0.026600 -0.144487 -0.062837 0.121190 -0.007379 -0.092683 -0.048839 -0.068092 0.098233 0.150993 -0.025086 -0.080178 0.061528 0.099609 -0.059523 0.181934 0.058896 -0.015524 0.108544 0.068554 0.044146 -0.062176 -0.187513 0.023547 0.170358 -0.043581 -0.133744 0.084344 0.219482 -0.087453 0.109106 0.053383 -0.137320 -0.054721 -0.148063 0.027262 -0.027638 -0.157292 -0.051102 -0.079337 -0.066458 0.001463 -0.062445 0.082226 0.092923 0.062699 -0.000579 -0.045798 0.041129 0.032652 0.087157 0.276670 0.017427 -0.043848 0.152108 -0.079402 0.076052 -0.020449 0.094590 0.211570 -0.035108 -0.176390 -0.195444 -0.084796 0.067065 -0.175623 -0.060197 0.115798 -0.008300 0.110981 -0.070761 0.002513 0.262371 -0.055568 0.055237 -0.069179 -0.156869 -0.049404 0.049605 0.051470 -0.055162 -0.009082 0.139653 -0.194060 0.045509 -0.010592 -0.086970 -0.091889 
-0.021563 -0.005699 -0.007372 -0.026480 -0.039521 0.014860 0.025012 0.005646 -0.029086 0.060567 -0.007945 0.039239 0.012934 0.033633 -0.029833 0.046435 0.000169 -0.040183 -0.036789 0.008439 -0.006667 -0.001013 -0.010840 0.005103 0.025359 0.009267 -0.033268 -0.005764 -0.031709 -0.010784 -0.013329 -0.007780 0.006576 0.003472 0.030187 0.054384 0.000766 0.026165 -0.027401 0.001258 0.010311 -0.019536 -0.004041 0.016690 0.009072 -0.013455 0.002910 -0.019659 0.029875 0.023965 -0.011208 -0.002843 0.003143 0.020185 -0.004558 0.012745 0.027847 0.013942 0.055082 -0.006953 0.032554 -0.021861 -0.029406 0.027813 0.056061 0.013178 -0.077778 0.013243 0.032790 -0.019910 0.023920 0.013844 -0.050020 -0.026501 -0.014816 0.028942 -0.030993 -0.045853 0.014447 -0.044580 -0.007389 -0.006524 0.001667 -0.016654 0.017997 -0.003146 0.017674 -0.032920 -0.004167 0.002630 0.015712 0.069999 -0.002506 0.023921 0.015110 -0.030266 0.031942 -0.031946 0.011959 0.046220 -0.010945 -0.046975 -0.028367 0.012866 -0.000616 -0.039633 -0.001970 0.023445 -0.002950 0.028456 -0.026804 -0.002660 0.048267 -0.007419 0.010911 -0.005324 -0.057326 -0.014731 0.029728 0.025309 0.004192 -0.030134 0.019692 -0.048734 0.011829 -0.014886 -0.028145 -0.010205 
-0.008491 0.025440 -0.021486 0.013568 0.036622 -0.000381 -0.041069 -0.002007 -0.006620 -0.025565 0.005976 0.002805 0.003467 -0.003450 0.019096 -0.016211 0.038149 0.017080 0.028016 0.033696 -0.012537 0.025355 0.000354 0.024189 0.007562 0.041646 0.008424 -0.051487 0.035539 0.006304 0.037690 -0.033694 -0.013928 -0.017876 0.024965 0.037083 0.004501 -0.013674 0.019028 -0.003631 -0.016892 0.009313 -0.004620 -0.061548 0.007004 0.044104 0.018467 0.011670 0.006819 -0.001337 0.017170 -0.029193 0.016372 -0.026045 -0.025707 -0.044114 -0.015970 -0.034704 0.011788 -0.012322 -0.007599 -0.004209 -0.033047 -0.025086 0.015872 0.001066 0.013207 0.033959 -0.006336 0.006716 -0.034795 -0.016332 -0.016746 -0.003178 -0.021722 0.022029 0.004872 0.026861 0.019544 -0.013777 -0.006966 0.008115 -0.024860 -0.023742 0.015243 -0.016815 0.032135 -0.021573 0.011359 -0.018996 0.007582 -0.042708 -0.001207 -0.015735 -0.031102 -0.000459 -0.002731 0.002548 -0.018403 0.038802 0.013450 -0.000116 -0.003813 0.012221 -0.007656 -0.014792 0.016374 -0.021757 -0.031218 -0.003212 -0.007719 -0.032880 0.001285 0.009191 0.003495 0.034080 0.008089 -0.002777 0.008910 0.043112 0.016505 -0.019432 -0.009394 0.009856 0.008267 0.011437 0.001252 0.018436 
-0.033558 0.054635 -0.044034 -0.022273 -0.030653 0.035742 -0.021042 0.045092 -0.103298 0.147198 0.038727 0.057954 0.048760 0.049998 -0.020634 0.083363 0.005041 -0.024198 0.012114 0.018730 -0.009211 0.035206 -0.066983 -0.017001 0.124532 0.074949 -0.080546 -0.080501 -0.075482 -0.068276 0.034900 -0.021220 0.023650 0.021155 0.111341 0.160060 -0.009111 0.074219 -0.036788 0.024232 -0.035470 -0.094834 -0.039441 0.003398 0.005519 0.047155 0.036541 -0.062594 0.044906 0.028496 -0.018012 -0.091071 0.024885 -0.005957 -0.038892 -0.012010 0.046468 0.043831 0.057724 -0.020581 0.056981 -0.059543 -0.072239 -0.007302 0.103840 0.052511 -0.089560 0.097127 0.099921 -0.068711 0.027118 0.010598 -0.106089 -0.074431 -0.052615 0.086060 -0.023975 -0.052541 0.021847 -0.073046 -0.033328 0.028700 -0.075125 -0.085122 0.085780 -0.063776 0.051315 -0.060298 -0.058024 -0.026431 0.076907 0.187177 -0.003795 -0.010608 0.019078 -0.078503 0.020591 -0.024083 0.029142 0.155936 -0.025582 -0.127285 -0.166820 0.003995 0.010445 -0.095517 -0.028873 0.055441 -0.029885 0.074624 -0.079563 0.000284 0.109800 0.025219 -0.006948 0.045828 -0.125529 -0.017668 -0.003886 0.122768 0.006425 -0.075584 0.081950 -0.129783 0.064318 -0.010535 -0.055690 -0.043367 
-0.062386 0.017850 -0.020813 -0.094339 -0.154441 0.102031 0.115140 0.019920 -0.077240 0.196696 0.010758 0.104560 0.003681 0.033933 -0.097828 0.122488 -0.094759 -0.110615 -0.103321 -0.039883 -0.059699 0.029798 -0.050631 -0.002771 0.000320 0.018629 -0.040019 -0.029290 -0.124786 -0.015302 -0.056241 0.011689 -0.063097 0.072311 0.094622 0.114354 -0.060263 0.024906 0.006726 -0.060383 -0.011361 -0.111299 -0.015912 0.095495 -0.010911 -0.079473 -0.012977 -0.061899 0.037451 0.106639 -0.026690 -0.056823 0.043088 0.114664 -0.041548 0.124396 0.048030 -0.013860 0.113754 0.063548 0.014268 -0.040743 -0.126354 0.047459 0.116248 -0.027264 -0.119668 0.037218 0.170820 -0.058878 0.087831 0.042228 -0.097883 -0.034135 -0.124612 0.024571 -0.040718 -0.134306 -0.039851 -0.078549 -0.040340 -0.006588 0.002247 0.074587 0.068472 0.067859 -0.001157 -0.034356 0.048747 0.040074 0.082870 0.201397 0.013074 -0.027829 0.103704 -0.066627 0.069822 -0.020041 0.043378 0.142480 -0.004702 -0.121757 -0.127866 -0.036619 0.069049 -0.133035 -0.024578 0.075681 -0.036189 0.089051 -0.029842 0.025242 0.198018 -0.062351 0.030532 -0.060720 -0.104531 -0.010242 0.048147 0.038959 -0.051006 0.002801 0.113905 -0.144377 0.042032 -0.014526 -0.059548 -0.052986 
-0.024999 0.022503 -0.012152 0.017366 0.032472 -0.034914 -0.015916 -0.001784 -0.002933 -0.047991 0.017711 0.011941 -0.007380 -0.013965 0.016974 -0.018849 0.014397 0.002140 -0.001906 0.012344 0.031818 -0.001852 0.009775 0.002341 -0.020045 0.018149 0.013298 -0.010006 0.024108 0.011677 0.024268 -0.024923 -0.010331 -0.034464 0.012913 0.001352 0.004422 -0.002865 0.009710 0.011603 -0.003875 -0.003271 0.040633 -0.029669 0.000355 0.022733 -0.015065 0.019160 -0.029694 0.011565 -0.017343 -0.017433 -0.016183 0.003718 -0.011710 -0.029774 -0.004075 -0.012883 0.008293 0.008113 0.012179 -0.022265 -0.009480 -0.031534 0.014330 -0.016387 0.027050 0.007773 -0.014513 -0.004981 0.005396 0.005466 0.016423 -0.012043 0.011003 -0.002912 -0.010406 -0.003591 0.018387 -0.008185 0.000501 -0.000486 0.008450 0.011191 -0.011682 -0.006376 0.035229 0.002026 0.013277 -0.021048 0.000163 -0.040681 -0.015240 0.002223 -0.004752 0.023361 0.005329 0.005525 -0.012962 0.022981 -0.006417 0.025238 0.006586 -0.005700 0.036919 0.015793 -0.000343 -0.018847 -0.008146 -0.011738 0.000368 0.003623 -0.012580 -0.016116 -0.016254 0.010275 -0.003212 0.012388 -0.002718 0.006575 0.010963 -0.019316 -0.034070 0.028897 -0.015289 0.005830 0.011985 0.034261 
-0.031918 0.052498 -0.025579 -0.037378 -0.121181 0.137001 0.054353 0.017616 -0.053011 0.202913 0.030332 0.079975 0.042754 0.000822 -0.062332 0.101733 -0.059518 -0.085021 -0.084128 -0.034635 -0.044816 0.008604 -0.091367 0.006442 0.027218 0.007085 -0.031416 -0.003082 -0.122148 -0.008566 -0.041373 0.041030 -0.019642 0.079172 0.092824 0.113969 -0.071257 0.039488 -0.002761 -0.036054 -0.007749 -0.113770 -0.070968 0.064994 0.026718 -0.053958 -0.043830 -0.029260 0.059774 0.077830 -0.006614 -0.060728 0.072534 0.051183 -0.071778 0.132203 0.019054 -0.026188 0.098867 0.032239 0.029706 -0.037718 -0.149282 0.023577 0.150332 -0.009877 -0.083429 0.067819 0.160127 -0.048213 0.070705 0.039747 -0.100573 -0.055785 -0.096283 0.023422 -0.027994 -0.095567 -0.020178 -0.071626 -0.055917 -0.001059 -0.049440 0.053854 0.054041 0.027287 0.033530 -0.052420 0.057938 0.025009 0.063383 0.193865 0.007555 -0.022282 0.058524 -0.080391 0.054335 -0.017293 0.083183 0.142799 -0.026966 -0.104292 -0.143318 -0.051952 0.044491 -0.110023 -0.024783 0.039491 -0.017919 0.079301 -0.068374 -0.032853 0.168287 -0.042728 0.051672 -0.039643 -0.122429 -0.045266 0.037075 0.023724 -0.015786 -0.007017 0.097552 -0.123842 0.021487 -0.014172 -0.045094 -0.063045 
-0.028051 0.016288 -0.010586 -0.006649 0.009488 -0.020011 0.046056 0.010549 -0.022051 -0.030520 -0.018125 0.016685 -0.005181 -0.019494 0.017444 0.006660 -0.012863 0.001041 -0.023679 -0.005172 0.008927 0.017362 0.042758 -0.007282 -0.034148 -0.009905 0.011101 -0.013899 0.005181 -0.000018 0.011855 0.008381 -0.043064 -0.031335 -0.008110 -0.024526 -0.001401 -0.005419 0.027850 -0.010988 -0.008386 0.006112 0.026178 0.013535 -0.023172 -0.037588 -0.009686 0.021595 -0.022044 0.009423 -0.016420 -0.005058 0.003761 0.027623 0.002131 0.004913 -0.002051 -0.033298 0.014807 0.044977 -0.014318 0.010362 -0.006995 0.000753 -0.022375 -0.026520 0.002351 -0.009663 0.009551 -0.009201 0.018119 0.027018 -0.002905 0.040133 -0.016531 -0.022132 0.011567 -0.014488 -0.008707 0.010301 0.008082 -0.001280 0.029656 0.054712 -0.006545 0.044348 -0.006099 0.013025 0.015393 -0.011184 0.016709 -0.018779 0.006804 -0.030682 0.034079 0.014803 -0.000263 0.007387 -0.023914 0.008343 -0.001556 0.033019 0.010254 -0.041119 0.019442 0.026698 0.003945 -0.011071 0.000094 -0.003414 0.025326 0.021822 0.001653 0.002497 -0.032393 -0.035772 0.018890 0.014853 0.006865 -0.022959 -0.023552 -0.005148 -0.023741 0.002492 0.007397 -0.017862 -0.003110 0.013243 
-0.012406 0.007915 -0.023478 -0.024251 -0.044439 0.040935 0.003240 -0.004090 -0.007040 0.054361 0.025490 0.024003 0.019917 0.028299 -0.044582 -0.011275 -0.019017 -0.024938 0.007342 -0.009107 -0.018235 0.019301 -0.023111 0.013135 0.013011 0.031399 -0.022926 -0.043674 -0.020167 -0.009222 -0.003457 0.013247 -0.029603 0.057334 0.038270 0.057763 -0.014907 -0.006413 0.008325 -0.018314 -0.008835 -0.033868 -0.035005 -0.021023 0.015066 0.034984 0.011607 -0.023769 0.014756 0.048698 0.023664 -0.044384 0.035054 0.018130 -0.010537 -0.018294 -0.008276 -0.017282 0.018132 -0.016576 0.001430 -0.015830 -0.068081 -0.016740 0.061713 0.000741 -0.020111 0.042781 0.071295 0.005936 -0.021876 -0.041139 -0.034916 -0.021053 -0.051412 0.007283 -0.009734 -0.019360 -0.007727 0.011007 -0.015534 0.041778 -0.039840 -0.033320 0.037044 -0.006947 0.022815 -0.005315 -0.011029 0.017790 0.022922 0.052164 -0.017720 -0.043521 0.016007 -0.042174 0.014651 0.000562 0.015254 0.057713 0.005411 -0.054772 -0.050770 0.008154 0.004034 -0.055749 -0.002264 0.031681 -0.009983 0.033539 -0.001659 -0.030308 0.074652 -0.007049 0.032201 0.037622 -0.034599 0.001923 0.022655 0.038335 0.003349 -0.001805 0.022074 -0.025658 -0.009363 0.033472 -0.030957 0.006113 
0.027724 0.010625 -0.003266 0.028963 0.021360 0.017069 -0.063575 0.019353 -0.004688 0.023462 0.001694 -0.025573 0.034825 0.008442 0.016005 -0.017479 0.026360 0.037869 0.054053 0.023225 -0.015236 0.006131 -0.032134 0.011374 0.052268 0.020236 -0.025906 -0.027875 0.008253 -0.026495 0.018534 -0.013654 0.045917 -0.009333 0.010657 0.030010 0.011953 0.037492 -0.000211 0.022987 -0.015345 -0.016028 -0.051810 -0.031037 -0.003923 0.051160 0.038605 -0.011579 0.005598 -0.043483 0.048312 -0.028684 0.013812 -0.053191 0.000631 -0.045910 0.005683 0.002581 -0.027148 -0.033119 -0.002545 -0.013995 -0.000278 -0.012545 0.013393 0.052183 -0.001540 0.035226 -0.005191 -0.005909 -0.021486 -0.024473 -0.011121 -0.032759 0.002534 0.042714 0.019167 0.026080 0.010936 0.004561 0.009646 0.051715 -0.047864 -0.076808 0.022170 -0.057647 -0.000665 -0.006989 -0.053370 -0.026046 0.007386 0.025309 0.002668 -0.006275 -0.035066 -0.035294 -0.011665 -0.001761 -0.001223 0.018718 -0.005356 -0.018639 -0.036500 0.033520 -0.017601 0.004210 0.009600 0.008156 0.010689 0.013278 -0.035274 -0.027298 -0.031663 0.044825 -0.005547 0.050646 -0.022479 -0.008655 -0.005857 0.041189 0.020783 -0.024933 0.006543 -0.010756 0.020301 -0.007643 -0.012645 -0.017939 
0.012190 -0.044380 0.017243 0.029878 0.084020 -0.101712 -0.017923 -0.018231 0.062577 -0.177689 -0.051180 -0.061278 -0.048945 -0.049553 0.038847 -0.055225 0.036871 0.041780 0.023686 0.016648 0.027051 0.004874 0.110616 0.006205 -0.083681 -0.041621 0.057719 0.047244 0.123996 0.041665 0.028672 -0.010862 -0.006319 -0.099057 -0.088670 -0.135694 0.047194 -0.063718 0.031502 0.014488 0.004275 0.108259 0.070959 -0.012978 -0.027988 -0.019248 -0.026823 0.062005 -0.041131 -0.058734 -0.007324 0.078515 -0.055559 -0.008776 0.047966 -0.043610 -0.036766 -0.015922 -0.063492 0.009617 -0.031968 0.051264 0.111709 0.007789 -0.125510 -0.013319 0.092347 -0.064992 -0.127386 0.030359 -0.029857 0.004845 0.101031 0.081647 0.071471 -0.053760 0.027907 0.053397 0.000226 0.037298 0.035501 -0.034086 0.066533 0.055012 -0.068088 0.012173 -0.053467 0.048176 0.019695 -0.017545 -0.051666 -0.189841 0.018552 0.006041 -0.020457 0.077078 -0.036345 0.019437 -0.061703 -0.136002 0.008668 0.135983 0.158131 -0.007369 -0.021143 0.122472 0.029103 -0.060097 -0.006936 -0.078002 0.072921 0.032678 -0.134071 0.015889 -0.021688 -0.025452 0.111778 0.020186 -0.015709 -0.087156 -0.009587 0.023697 -0.085023 0.109986 -0.026647 -0.001095 0.062507 0.023544 
0.015424 0.015581 -0.013993 0.054792 0.086636 -0.040611 -0.071169 0.010821 0.016262 -0.059665 -0.004530 -0.042121 0.004836 0.002584 0.047526 -0.065730 0.031351 0.066039 0.053136 0.045475 0.006742 0.009510 0.013408 0.016746 0.007886 0.017511 -0.004389 -0.021038 0.047585 -0.012214 0.057093 -0.051464 0.011451 -0.022158 -0.004240 0.001221 0.035756 -0.016111 0.022855 0.018910 -0.034406 0.038777 -0.024073 -0.071272 0.004056 0.069679 0.062020 0.017456 -0.050243 -0.060426 0.048578 -0.036795 -0.014597 -0.067498 -0.013349 -0.131250 0.004049 -0.004514 -0.027223 -0.017456 -0.007968 0.010956 0.028888 -0.014822 -0.044746 0.034686 0.056809 0.031911 -0.045697 -0.003029 -0.061643 -0.025221 0.018679 0.008822 0.015614 0.028313 0.019015 0.058150 0.012905 0.023265 0.015857 0.039663 -0.011337 -0.071587 0.002043 -0.072246 0.003107 -0.009131 -0.047999 -0.023067 -0.004096 -0.060610 -0.011727 -0.003788 -0.085820 0.019544 -0.032166 0.009104 -0.022851 -0.007913 0.002633 0.010657 0.035886 0.026432 -0.011010 0.041781 0.016757 -0.025136 -0.009756 -0.021490 0.010003 -0.028828 -0.071970 0.042026 -0.000755 0.072448 0.032801 0.036259 -0.024411 0.049965 0.047903 -0.046585 -0.043255 0.047503 0.036819 0.003152 0.005518 0.022333 
0.020156 -0.015693 -0.004991 0.037693 0.076520 -0.042669 -0.057379 0.006623 0.015104 -0.060287 0.000787 -0.040826 -0.006040 -0.011932 0.036751 -0.058348 0.028460 0.046750 0.051685 0.018953 0.020659 0.001417 0.004023 0.003744 -0.009122 -0.001556 0.018243 -0.013126 0.051651 0.010278 0.023211 -0.026518 0.020140 -0.019728 0.004674 -0.026794 0.052336 0.002059 0.020718 0.014384 -0.029721 0.037274 0.002276 -0.056866 -0.012144 0.053561 0.049309 0.010477 -0.032110 -0.050598 0.031430 -0.022298 -0.005188 -0.040384 0.012574 -0.088047 -0.016535 0.007111 -0.041889 -0.014249 -0.001044 -0.002606 0.021189 -0.026663 -0.027867 0.026791 0.067419 0.032534 -0.032813 0.015374 -0.041090 -0.033582 0.043875 -0.001710 0.047725 0.004316 0.001461 0.056788 0.012961 0.017531 0.019556 0.014844 -0.022614 -0.047501 -0.016274 -0.064363 -0.004432 0.032781 -0.020003 -0.034540 -0.015063 -0.056453 -0.004648 -0.027200 -0.046604 0.002653 -0.015835 0.001186 -0.009896 -0.024994 0.005011 -0.000185 0.018929 0.008262 -0.013625 0.050839 0.013624 -0.031513 0.002064 -0.022223 -0.007673 -0.011422 -0.051009 0.026484 -0.002887 0.052108 0.054917 0.025642 -0.038132 0.022764 0.024252 -0.018199 -0.049766 0.052863 0.008518 0.017789 0.029710 0.001817 
-0.011547 -0.019341 0.022348 -0.066095 -0.122822 0.097717 0.114594 -0.033229 0.000241 0.080797 -0.012685 0.050817 -0.018559 0.022247 -0.067636 0.032523 -0.053305 -0.080912 -0.065256 -0.054973 -0.032013 0.018079 0.003496 0.003902 -0.013046 -0.025744 -0.026254 0.054139 -0.053058 0.007898 -0.081254 0.074495 -0.026205 0.077045 -0.016108 -0.008851 -0.057717 -0.007812 -0.014898 -0.047802 0.036836 -0.014545 -0.013261 0.103317 0.030789 -0.084144 -0.070470 -0.007644 0.009064 0.071235 -0.039288 0.034325 0.020409 0.073576 -0.010372 0.143275 -0.014115 -0.014388 0.023112 0.015487 0.000862 -0.017301 -0.016269 0.032435 0.034697 -0.076773 -0.039693 -0.061430 0.047894 -0.003618 0.022176 -0.002234 -0.027599 0.027302 -0.035117 -0.048147 0.006012 -0.073101 -0.033546 -0.006318 0.007916 -0.019052 0.058783 0.081950 -0.008106 0.102713 -0.012272 -0.028801 0.066054 0.077673 -0.000479 0.068604 0.006583 0.020648 0.059252 -0.021545 0.030244 -0.006380 0.037641 -0.020207 0.001655 0.025168 -0.000743 -0.009141 0.002013 -0.054472 -0.010501 0.054422 -0.011039 0.000744 0.017204 -0.003056 0.085277 -0.068277 0.019875 -0.072361 -0.058102 -0.021171 0.059888 -0.074552 -0.024943 0.046451 0.052911 -0.041188 -0.044057 0.004866 -0.019356 -0.010346 
-0.017143 -0.008275 -0.004079 -0.002946 0.061777 -0.043351 -0.025447 -0.019753 0.035914 -0.108655 -0.021275 -0.005468 -0.036724 -0.040868 0.014590 -0.033603 0.029596 0.009260 0.002329 0.013448 0.029341 -0.002885 0.056262 0.022754 -0.071569 -0.026333 0.038582 0.009764 0.072329 0.046707 0.019152 -0.025331 -0.030337 -0.031550 -0.024128 -0.046682 0.019237 -0.032508 0.044167 -0.011913 0.015222 0.043038 0.062768 -0.044565 -0.003860 0.013311 -0.019288 0.028090 -0.022303 -0.000303 -0.027404 0.033712 -0.021215 0.015795 -0.006168 -0.013638 -0.049791 -0.031816 -0.004092 0.022164 -0.026981 0.000386 0.007585 -0.027715 -0.038867 -0.038760 0.038098 -0.026160 -0.063200 0.024653 -0.015740 -0.010922 0.039190 0.014495 0.035814 -0.015666 0.007553 0.028282 0.032297 0.015261 0.007588 -0.024158 0.037068 0.033459 -0.037244 0.022105 0.015512 0.018523 0.069422 -0.010835 -0.008131 -0.141852 -0.002223 -0.011244 -0.010267 0.036579 0.003807 0.025963 -0.037304 -0.048977 0.022205 0.049544 0.069557 -0.011633 0.013474 0.019325 0.031473 -0.031692 -0.020452 -0.031554 0.029532 0.008235 -0.056059 -0.028650 -0.004928 -0.005561 0.047638 -0.001760 0.002884 -0.025509 -0.007544 0.009376 -0.021229 0.059660 -0.013703 0.030008 0.061605 0.028023 
0.032274 -0.012160 -0.009934 0.068748 0.114312 -0.073487 -0.124743 0.022211 0.039601 -0.073324 0.017371 -0.058193 0.012893 0.021414 0.049667 -0.081868 0.061404 0.089039 0.076648 0.060563 0.023047 -0.028047 -0.003124 0.013015 0.014233 0.030185 0.009896 -0.042664 0.056917 -0.000124 0.063097 -0.084643 0.036144 -0.042432 -0.006809 0.007356 0.054903 0.016588 -0.012595 0.045368 -0.012784 0.040107 -0.000140 -0.125828 0.001820 0.115994 0.073125 -0.013811 -0.009182 -0.080138 0.076328 -0.008552 -0.008242 -0.096447 0.023066 -0.157245 0.004900 0.015911 -0.056014 -0.046163 -0.000897 0.007829 0.037373 -0.015238 -0.033294 0.071770 0.027281 0.027007 -0.072386 0.031597 -0.065520 -0.057408 0.013333 -0.028588 0.044246 0.060331 0.006070 0.083812 0.034795 0.023312 0.024269 0.048593 -0.042877 -0.140667 -0.002321 -0.114597 0.000377 0.012663 -0.101604 -0.050218 -0.028062 -0.087233 -0.011285 0.000435 -0.085844 0.015986 -0.026215 0.021120 -0.029549 -0.025142 0.024760 -0.024217 0.020487 0.052455 -0.031002 0.046385 0.023710 -0.023888 0.007406 -0.013622 -0.015466 -0.012075 -0.096723 0.073009 -0.004585 0.093703 0.054069 0.020189 -0.036152 0.075879 0.041971 -0.041541 -0.059574 0.057746 0.013848 0.000065 0.012099 0.035714 
-0.015988 -0.000013 -0.007564 -0.005932 0.016241 -0.001644 -0.008896 0.000552 -0.017139 -0.005942 0.008858 0.004505 0.000402 0.011565 0.016321 -0.007771 -0.002024 0.015224 0.010003 0.009681 -0.009803 -0.007483 0.008101 -0.001531 0.015795 0.009211 -0.001019 -0.028067 -0.000837 -0.007755 0.024309 -0.011536 -0.002936 -0.005829 0.008958 0.020491 0.015325 0.003913 0.007986 0.005340 -0.014232 0.009447 -0.001570 -0.018455 -0.005320 0.021217 0.011807 0.001555 -0.002821 -0.001604 0.000613 -0.020372 -0.002994 -0.006538 -0.003333 -0.025846 -0.001326 -0.007441 -0.000061 0.013006 -0.006736 -0.004441 -0.019808 -0.014389 -0.002889 -0.003714 0.011104 0.033371 0.002853 -0.006354 -0.007409 -0.012779 -0.005683 -0.001573 -0.009625 0.005597 -0.002771 0.009848 0.013989 -0.002403 -0.003869 0.004019 -0.006824 -0.013341 0.002217 0.000913 0.012166 -0.002140 -0.022648 -0.016412 0.004010 -0.000734 -0.013243 -0.008651 -0.006255 0.003888 0.001396 -0.001427 -0.000072 0.026907 0.011640 -0.009193 -0.006454 -0.003417 0.008774 -0.009793 -0.006256 0.005706 0.000715 0.001924 0.003276 -0.002936 0.011386 0.002442 -0.006982 0.024493 -0.001787 0.023534 -0.008010 0.030434 0.001668 -0.004605 -0.012110 0.001476 0.003506 0.009078 -0.012485 0.006824 
0.002191 0.023586 -0.005875 0.026473 -0.014668 -0.006723 -0.030167 0.014467 -0.017892 0.047280 0.032172 -0.007308 0.025525 0.018751 0.003141 0.008195 -0.008059 0.023916 0.020866 -0.021462 -0.001827 -0.017387 -0.058053 -0.023052 0.036176 0.019143 -0.001527 -0.034782 -0.032493 -0.022148 0.002132 -0.005908 0.030592 0.021926 0.024602 0.028459 0.005579 0.042538 -0.026400 0.027024 -0.011332 -0.035226 -0.012485 -0.036845 0.009481 0.029623 0.017565 -0.038724 0.011928 0.000318 0.016980 -0.017334 0.006608 -0.021610 0.018284 -0.027814 0.020319 0.035013 -0.002160 -0.013245 0.004373 -0.001894 -0.012704 -0.015006 0.026787 0.035256 -0.033879 0.023725 0.041268 -0.017800 0.009866 -0.012899 -0.031161 -0.040456 -0.002953 0.041860 -0.006044 0.005800 0.007401 0.003907 -0.004581 0.028764 -0.057511 -0.064557 0.041648 -0.047076 0.002544 -0.003853 -0.055531 -0.014339 0.001107 0.068070 0.001191 0.017678 -0.012309 -0.024570 -0.017372 0.005248 0.010490 0.049375 -0.019222 -0.049344 -0.049024 0.015669 -0.003050 -0.008229 -0.018404 0.004097 0.014485 0.039069 -0.018113 -0.006557 0.014087 0.012422 0.005992 0.030866 -0.003142 0.007324 -0.015971 0.030443 0.010446 -0.019735 0.011705 -0.009019 0.002002 -0.002860 -0.021364 -0.002033 
-0.002692 -0.005213 0.022322 -0.006930 -0.006961 -0.017536 0.025124 -0.013634 0.004421 0.001766 -0.009349 0.005845 -0.017727 0.002055 -0.009845 0.019554 -0.004319 -0.013927 0.006697 -0.024137 0.023310 -0.012472 0.000225 -0.015207 -0.010554 -0.011105 0.002566 0.026715 0.004491 0.004661 -0.007504 0.005989 -0.004480 -0.003129 -0.012194 -0.032350 0.001657 0.020935 -0.020523 0.000393 -0.000275 0.007691 0.027223 0.016442 -0.016027 -0.026989 -0.007795 -0.007777 0.006384 0.003917 -0.032956 0.036939 -0.014840 0.010237 0.022576 0.043716 -0.001451 0.022888 -0.005380 -0.006429 0.006128 -0.004462 0.023692 0.018007 -0.021810 -0.009807 -0.020519 -0.028702 -0.008366 -0.002077 0.023227 0.001455 0.003819 0.004799 0.033797 -0.025653 -0.010489 -0.002149 -0.011485 -0.003397 0.000493 -0.033976 0.007750 0.023668 -0.000778 0.035915 -0.009427 0.011591 0.014972 0.015122 -0.017209 -0.003739 -0.002375 0.016022 0.029358 0.008097 0.001448 -0.006310 -0.002033 -0.026622 -0.011557 0.015860 0.018073 0.005694 -0.001582 0.004974 -0.010918 0.003097 0.009397 -0.008271 0.002490 0.030686 -0.007803 -0.015738 0.001001 -0.019770 0.001430 -0.001629 0.007399 -0.031813 -0.018215 0.013161 0.009152 -0.007036 -0.021372 0.004685 0.010540 -0.004010 
0.006117 -0.019728 0.021312 0.000560 0.033676 -0.042174 0.004737 -0.031520 0.047269 -0.107327 -0.038887 -0.010637 -0.027210 -0.013265 0.007344 -0.044239 0.020793 0.016008 0.003172 0.009466 0.017560 -0.012227 0.055402 0.011131 -0.055564 -0.022920 0.019740 0.039758 0.061663 0.033495 0.001213 -0.002947 -0.018826 -0.028914 -0.066866 -0.089640 0.021817 -0.038628 0.008024 -0.026900 0.027599 0.066257 0.037341 -0.006868 0.010867 -0.008781 -0.017613 0.030947 -0.033828 -0.023004 -0.016935 0.063679 -0.019651 0.004345 0.016591 0.008898 -0.038063 -0.012561 -0.035901 0.004379 -0.032781 0.011256 0.062295 0.002074 -0.078069 -0.033868 0.052307 -0.065898 -0.085256 0.025399 -0.027271 -0.013445 0.057942 0.046462 0.034589 -0.050675 0.035095 0.027580 0.010406 0.041780 0.035295 -0.026829 0.066149 0.030275 -0.055306 0.057097 -0.007429 0.019951 0.035022 0.010599 -0.039009 -0.107747 0.004715 0.003457 -0.006925 0.053803 -0.022748 0.025988 -0.028069 -0.100543 0.024865 0.092384 0.086168 -0.002421 -0.019661 0.052149 0.018765 -0.018434 -0.004627 -0.060387 0.036046 0.014830 -0.065752 -0.018095 -0.014250 -0.012329 0.056120 0.001132 -0.000238 -0.069063 -0.006063 0.035157 -0.035443 0.066152 -0.020139 0.008148 0.050954 0.028341 
0.005530 0.031915 -0.017166 0.018426 0.038425 -0.003274 -0.063924 0.027808 -0.023479 0.015610 0.028202 -0.003588 0.035418 0.013841 0.031193 -0.020415 0.031948 0.027629 0.061569 0.005894 0.007601 -0.001359 -0.036717 -0.007199 0.064179 0.025229 -0.038116 -0.033722 -0.012421 -0.033284 0.018428 0.001782 0.034241 0.001415 0.027576 0.056325 0.016818 0.048568 -0.018964 0.040798 -0.019147 -0.023630 -0.023610 -0.030834 0.017773 0.068968 0.018537 -0.018462 0.013152 -0.017764 0.006695 -0.071112 0.008590 -0.047336 -0.011030 -0.052422 0.013422 0.037645 -0.004883 -0.027754 0.035436 -0.034127 -0.005535 -0.039149 0.027191 0.030658 0.021609 0.046740 0.013132 -0.009580 -0.026618 -0.008910 -0.016304 -0.043424 -0.000823 0.036144 0.000909 0.024635 0.018500 -0.007907 0.009303 0.045002 -0.053626 -0.067494 0.011574 -0.070330 0.043753 -0.010449 -0.063505 -0.025367 0.029552 0.054941 -0.022584 -0.004829 -0.029038 -0.026321 -0.001058 -0.017091 0.019935 0.035307 -0.018192 -0.043190 -0.067413 0.018418 0.004522 -0.010011 -0.016429 -0.005525 0.002651 0.015559 -0.036968 -0.028947 0.003749 0.034729 -0.028364 0.057897 -0.037676 0.005047 -0.018719 0.062624 0.037017 -0.036824 -0.002008 -0.021868 0.008996 -0.006339 -0.016726 -0.007769 
-0.009911 -0.021616 -0.003371 0.030177 0.074067 -0.076282 -0.025265 -0.024249 0.023107 -0.123922 -0.025813 -0.041750 -0.027808 0.004051 0.056256 -0.063923 0.035157 0.058939 0.031868 0.009784 0.022615 -0.014946 0.091396 0.002371 -0.034273 -0.000418 0.030515 -0.002197 0.079345 0.008041 0.027218 -0.040145 -0.010859 -0.049676 -0.053563 -0.086427 0.032594 -0.041911 0.022290 0.004140 0.010723 0.072217 0.072882 -0.025179 -0.006206 0.019458 0.000831 0.043002 -0.059216 -0.053352 -0.001781 0.051874 -0.047707 -0.003421 0.021344 -0.071465 -0.011575 -0.002241 -0.035925 -0.012046 -0.033350 0.052157 0.077939 -0.019387 -0.074254 -0.011065 0.053853 -0.045725 -0.084889 0.034868 -0.051531 -0.027440 0.070600 0.052715 0.049261 -0.018479 0.031582 0.048330 0.027302 0.043201 0.028679 -0.001203 0.059353 -0.011920 -0.038112 0.011518 -0.025570 0.013066 -0.009181 -0.024969 -0.044804 -0.142785 -0.023114 0.023309 -0.033409 0.056523 -0.039923 0.003394 -0.048718 -0.075661 0.033039 0.092305 0.109291 0.031138 -0.021441 0.068938 0.010930 -0.042427 -0.021752 -0.033066 0.050357 0.010166 -0.110671 -0.001167 -0.034671 0.028812 0.080014 0.027504 -0.016848 -0.023718 -0.003603 0.008995 -0.070365 0.083712 -0.025419 0.002556 0.030379 0.049439 
-0.034195 0.022377 -0.002074 -0.066574 -0.099706 0.094632 0.093458 -0.025227 -0.023804 0.078037 -0.005506 0.059374 -0.010745 -0.034194 -0.063178 0.080961 -0.025604 -0.100456 -0.094361 -0.019587 -0.027280 0.036393 -0.000770 0.015237 -0.035815 -0.019778 -0.003821 0.040606 -0.049570 0.034103 -0.055294 0.034378 -0.029790 0.039581 0.028951 0.033421 -0.055029 -0.007315 0.022252 -0.054263 0.010968 -0.053199 -0.010864 0.069538 0.003873 -0.078801 -0.044361 -0.011613 0.041124 0.077042 -0.050681 0.007420 0.018691 0.085616 -0.034054 0.132085 -0.015654 -0.033579 0.076556 0.053405 0.006011 -0.029165 -0.065995 0.030704 0.059019 -0.058657 -0.063360 -0.017415 0.071314 -0.022672 0.058965 0.052847 -0.054675 -0.011953 -0.052106 -0.012615 -0.032454 -0.070718 -0.032799 -0.038114 -0.041047 -0.041078 0.026662 0.101053 0.003233 0.083721 0.017652 -0.035480 0.112558 0.063073 0.044312 0.061245 0.019306 -0.009064 0.074676 -0.038663 0.059798 0.008297 0.023385 0.030393 -0.015125 -0.026918 -0.034021 -0.039757 0.027660 -0.090175 0.017214 0.028894 -0.023310 0.008050 -0.007657 0.003096 0.092313 -0.063321 0.046331 -0.087490 -0.057855 -0.056860 0.045135 -0.017646 -0.022074 0.011821 0.059852 -0.068088 0.004901 -0.000990 0.007297 -0.024789 
0.030682 -0.013157 -0.019735 0.021246 0.021841 -0.021346 -0.063283 0.027954 -0.013775 0.043730 0.020215 -0.014218 0.005936 0.040934 -0.006115 -0.018037 0.022853 0.030117 0.029580 0.028848 0.010000 0.003173 -0.056245 0.001924 0.066335 0.036959 -0.037871 -0.051923 -0.006587 -0.027263 0.013061 -0.043388 0.060560 0.022980 0.039591 0.065611 0.043388 0.045110 -0.025808 0.038660 -0.013176 -0.017170 -0.021859 -0.060037 0.001319 0.080274 0.071573 -0.059574 -0.006371 -0.043522 0.043357 -0.042803 -0.010649 -0.048850 0.020732 -0.105785 0.029865 0.054956 0.000805 -0.035508 0.021438 -0.019259 0.015942 -0.001350 0.012367 0.082256 -0.037714 0.039843 0.019272 -0.006455 -0.017770 -0.007858 -0.024183 -0.075382 0.017006 0.066023 -0.020200 0.020949 0.017709 -0.016958 0.012638 0.035670 -0.064572 -0.125244 0.026805 -0.095398 0.013567 -0.007162 -0.087885 -0.027001 0.011011 0.061502 -0.008137 0.003571 -0.046200 -0.050003 -0.005920 -0.004414 0.008311 0.039607 -0.012219 -0.083331 -0.064626 0.055689 -0.017429 -0.020918 0.001245 0.021385 0.014170 0.027650 -0.025960 -0.008033 -0.002728 0.058551 0.005294 0.062810 -0.023188 0.009601 -0.013819 0.097819 0.034281 -0.065396 0.000239 -0.018424 0.036310 -0.001272 -0.021762 -0.004709 
0.059043 -0.070236 0.041233 0.032169 0.068478 -0.089731 -0.000936 -0.024933 0.100361 -0.150779 -0.047132 -0.082422 -0.060485 -0.046778 0.024195 -0.077188 0.024191 0.042511 0.017284 0.015860 0.033329 -0.019054 0.076445 0.004604 -0.101206 -0.081416 0.048187 0.090641 0.081906 0.054727 -0.018097 0.001020 0.014199 -0.044310 -0.116413 -0.154498 0.053139 -0.034588 0.017242 -0.005799 0.025890 0.101006 0.035360 -0.014828 -0.037506 -0.034727 -0.002973 0.040686 -0.052554 -0.077483 0.007825 0.115348 -0.052343 -0.004501 0.054255 -0.028464 -0.033387 0.006738 -0.070112 -0.001603 -0.042957 0.052687 0.119445 0.025029 -0.133071 -0.010058 0.074447 -0.099064 -0.138111 0.067173 -0.029700 -0.011890 0.096006 0.052402 0.102327 -0.074644 0.025373 0.065264 -0.004738 0.075350 0.047410 -0.040183 0.067256 0.035661 -0.080770 0.028640 -0.070750 0.077595 0.033640 0.012940 -0.060234 -0.171328 0.001518 0.019760 -0.030382 0.072138 -0.021765 0.042028 -0.024560 -0.181281 0.027625 0.121099 0.151481 -0.011243 -0.044213 0.106972 0.034791 -0.042777 0.041899 -0.088914 0.075421 0.016044 -0.153145 0.010881 0.000352 -0.025502 0.125532 -0.000645 -0.033039 -0.115163 -0.009770 0.040438 -0.064342 0.116993 -0.023685 0.006845 0.061222 0.030267 
0.011190 -0.009146 -0.002938 0.056789 0.154544 -0.163353 -0.076389 0.008753 0.039173 -0.182216 -0.025967 -0.064414 -0.015650 -0.031299 0.085175 -0.054217 0.060780 0.067710 0.052243 0.041403 0.079475 -0.027061 0.074649 -0.013697 -0.018044 0.022574 0.023231 0.008400 0.088094 0.005354 0.060554 -0.078916 0.041041 -0.136005 -0.045417 -0.061158 0.076871 0.018758 0.015712 0.058350 -0.005807 0.068464 0.076201 -0.098025 -0.032512 0.048653 0.045941 0.021706 -0.010008 -0.074766 -0.013671 0.014055 -0.062731 -0.077065 0.046389 -0.114416 0.000191 0.043339 -0.054464 -0.031584 -0.002025 0.011929 0.115141 -0.001813 -0.097152 0.040230 0.051108 -0.027652 -0.136325 0.032923 -0.014257 0.006496 0.065872 0.019762 0.093003 0.011211 0.009694 0.061730 0.044581 0.016003 0.029208 -0.020683 0.029533 -0.070383 -0.058627 -0.065059 -0.011390 0.026861 -0.056922 -0.069153 -0.033600 -0.147987 0.017247 0.031242 -0.047598 0.064666 -0.024284 0.014020 -0.060426 -0.088313 0.005354 0.068996 0.092479 0.025574 -0.018998 0.092473 0.039827 -0.051152 -0.000096 -0.067646 0.007526 0.044307 -0.144189 0.057378 -0.069112 0.016330 0.081490 0.012634 -0.034698 0.013654 0.028285 -0.024561 -0.082556 0.084438 0.005234 -0.019093 0.064204 0.055224 
0.041676 -0.045045 0.012103 0.079032 0.148961 -0.133144 -0.105225 -0.034922 0.103248 -0.214867 -0.021856 -0.088044 -0.069936 -0.016848 0.055345 -0.123122 0.065988 0.077506 0.068689 0.053179 0.062622 -0.050900 0.065009 0.014387 -0.075794 -0.027508 0.083796 0.035905 0.148501 0.069539 0.057550 -0.073568 0.029116 -0.063780 -0.098075 -0.135412 0.089602 -0.043760 0.012151 0.016717 0.022444 0.105694 0.078971 -0.150423 -0.005620 0.080617 0.058641 0.012660 -0.056678 -0.095400 0.016992 0.102031 -0.069080 -0.062363 0.057932 -0.135726 -0.047023 0.013588 -0.075804 -0.016850 -0.053067 0.035453 0.119193 -0.033758 -0.144791 0.026507 0.085760 -0.058503 -0.170056 0.070959 -0.069067 -0.046409 0.091116 0.020690 0.127553 -0.025962 -0.003582 0.118959 0.038333 0.078871 0.035826 -0.032776 0.032776 -0.070373 -0.067963 -0.045387 -0.008647 0.068904 -0.019786 -0.038558 -0.076500 -0.234281 -0.002663 0.034735 -0.089822 0.074927 -0.031411 0.039424 -0.069238 -0.165721 0.025929 0.079308 0.166600 0.062594 -0.036634 0.100942 0.049250 -0.086634 0.017664 -0.088809 0.052584 -0.000408 -0.183380 0.027436 -0.000878 0.043501 0.138571 0.029444 -0.046980 -0.031538 0.037432 0.001330 -0.087669 0.172179 -0.020519 0.028166 0.101049 0.072462 
-0.021854 0.035216 -0.023844 0.020252 0.012134 -0.006047 -0.082094 0.023522 -0.056652 0.069654 0.061001 0.012026 0.035784 0.038885 0.008686 -0.018526 0.030298 0.042086 0.027555 0.021734 -0.000386 0.002157 -0.075355 -0.001682 0.075877 0.071677 0.000076 -0.085954 -0.038124 -0.030795 0.039814 -0.050887 0.028203 0.060070 0.066561 0.107953 0.008347 0.034510 -0.017774 0.033134 -0.021868 -0.045806 -0.013978 -0.073080 0.018992 0.089714 0.058305 -0.042210 0.001100 0.009204 0.049667 -0.072176 0.014282 -0.030146 -0.008040 -0.116481 0.019301 0.023528 0.030188 -0.032086 0.025549 -0.011075 -0.030820 -0.056021 0.070512 0.052932 -0.034523 0.084764 0.058356 -0.046064 -0.014175 -0.021711 -0.054949 -0.057724 -0.014993 0.074980 -0.038240 0.034041 -0.004313 -0.025406 -0.038423 0.035622 -0.116121 -0.113664 0.068241 -0.085657 0.046685 -0.017296 -0.082716 -0.028135 0.001780 0.070789 -0.037322 -0.011233 -0.046253 -0.049759 -0.003941 -0.020810 0.017045 0.118967 -0.030333 -0.111081 -0.077378 0.056528 -0.003410 -0.046269 -0.037071 -0.003912 -0.001256 0.060230 -0.027564 -0.040816 0.031925 0.036436 0.019887 0.093679 -0.020369 0.027253 -0.018595 0.128779 0.026993 -0.061381 -0.005207 -0.015327 0.028080 0.015723 -0.037679 0.007482 
-0.042166 0.067198 -0.041002 0.003190 0.025691 0.019900 -0.022396 0.022657 -0.045903 -0.010886 -0.004714 0.010912 0.021509 -0.018806 0.016582 0.040733 0.031470 0.001096 0.016441 0.023775 -0.006021 0.036289 0.013947 0.006831 0.015684 0.022523 -0.020285 -0.044850 0.013921 -0.016952 0.062497 -0.007895 -0.042394 -0.027974 0.044240 0.055186 -0.017558 -0.006083 0.045086 0.010543 -0.038207 -0.032327 -0.001505 -0.012269 -0.015416 0.033771 -0.006002 0.022371 -0.003368 -0.008957 -0.015203 -0.050779 0.010797 0.006480 -0.052632 -0.033632 -0.022155 -0.033448 0.035475 0.010145 0.015757 -0.014699 -0.034751 -0.033946 0.014257 -0.009248 0.021864 0.067570 0.022451 -0.039180 0.001354 0.020134 -0.023294 -0.001590 -0.023673 0.034970 -0.005458 -0.005705 0.007319 -0.039504 -0.012894 0.009761 -0.014818 0.020757 0.025637 0.001646 0.063566 -0.028008 0.030377 -0.010637 0.034499 -0.001423 -0.001929 -0.048799 -0.011019 -0.023473 -0.009107 -0.012547 -0.029631 0.067461 -0.024408 0.002533 -0.028057 -0.014074 0.018431 -0.016245 0.007178 -0.007347 -0.030968 0.020790 -0.019482 -0.014754 0.014942 0.010201 0.002682 0.019271 -0.042451 0.020746 -0.002429 0.043447 -0.000321 -0.038165 0.006114 -0.039010 0.039307 0.009385 0.024308 -0.018109 
-0.016879 0.022410 0.010403 -0.010695 -0.034732 0.030038 0.027572 -0.013802 0.006198 0.031266 0.005647 0.007560 -0.004838 -0.027262 -0.023776 0.026995 -0.017256 -0.012169 -0.030136 -0.031726 -0.012317 0.008648 -0.013642 -0.013358 -0.024431 -0.018235 0.028800 0.022475 -0.005866 0.030799 -0.007359 0.016451 -0.028021 0.030274 -0.010692 -0.020429 -0.028470 -0.015108 0.005750 -0.020160 0.001311 -0.011617 0.017725 0.020883 0.008185 -0.046450 -0.033788 -0.008607 0.012922 0.028672 -0.025753 0.041675 0.008945 0.043766 -0.014152 0.065671 -0.019582 -0.007728 0.015047 0.032945 -0.004897 0.016570 -0.018880 0.002619 0.022623 -0.038710 -0.021267 -0.031101 0.020084 -0.010453 0.021301 0.011537 -0.019760 0.019288 -0.016179 -0.007929 -0.006203 -0.018652 -0.031170 -0.004903 -0.040566 -0.033260 0.003283 0.075203 0.016199 0.054583 0.004196 0.005534 0.059375 0.022108 -0.001790 -0.001048 -0.004721 -0.001163 0.043838 0.006233 0.005027 0.018625 0.004203 0.006524 -0.013187 0.006815 0.009709 -0.031697 0.020436 -0.019267 -0.009510 -0.018666 -0.006634 -0.008424 0.004118 0.003228 0.015986 -0.027225 0.015326 -0.056300 0.010737 -0.022230 0.001700 -0.029805 -0.029513 0.022919 0.020382 -0.001788 0.000676 0.008343 0.014845 -0.001964 
0.016365 0.004862 -0.007264 0.017807 0.027563 -0.016891 -0.019925 0.020226 -0.019640 0.005272 0.018661 -0.014895 0.027108 0.039754 0.016003 -0.006404 0.003621 0.018992 0.030853 0.007623 0.019640 0.003948 -0.032614 -0.019282 0.046828 0.039042 -0.041411 -0.030369 -0.012627 -0.052771 0.007259 -0.017239 0.037824 -0.012317 0.008557 0.036813 0.029780 0.040537 -0.023860 0.042798 -0.012886 -0.016546 -0.029105 -0.014251 0.001861 0.032327 0.024241 -0.016570 -0.001683 -0.016283 0.017166 -0.041473 -0.006598 -0.042671 0.019259 -0.051928 0.034290 0.039639 -0.020111 -0.038990 0.020792 -0.023657 0.020365 0.002199 0.001889 0.043428 -0.011895 0.016069 0.002461 -0.004600 -0.011105 -0.008041 -0.007460 -0.029405 0.010033 0.037748 0.001588 0.011232 0.013362 -0.018002 0.016897 0.035781 -0.023253 -0.082431 0.004311 -0.055825 0.004974 -0.018578 -0.072105 -0.024640 0.010406 0.063568 -0.001850 0.016909 -0.022718 -0.017733 -0.005127 -0.014983 0.007704 0.018371 0.002111 -0.027083 -0.052409 0.026399 -0.014664 0.013867 -0.000321 0.027244 0.012795 0.013295 -0.020065 0.014523 -0.001605 0.044069 -0.027979 0.033016 -0.020433 0.013794 -0.005787 0.050016 0.019236 -0.026987 -0.010693 -0.017302 0.007966 -0.017128 -0.030263 -0.006784 
0.078134 -0.060349 0.035425 0.054513 0.034765 -0.031978 -0.065315 -0.005575 0.051529 0.001434 0.009004 -0.070754 0.011361 0.029245 0.025899 -0.086321 0.002451 0.073520 0.063036 0.004966 0.005169 -0.063652 -0.037896 -0.009762 0.018201 -0.019993 0.007224 0.020232 0.000677 -0.017841 -0.032295 0.012213 0.065907 0.028864 -0.056637 -0.057753 0.043799 0.024828 -0.041483 0.027343 0.021065 0.035270 -0.061028 -0.035928 0.025676 0.054753 0.035474 -0.002491 -0.015758 -0.058769 0.081452 0.028286 -0.002268 -0.093106 0.044863 -0.052169 0.005032 0.024479 -0.091394 -0.063424 -0.020304 0.025975 0.061527 0.012793 -0.045692 0.054793 0.013852 -0.016349 -0.036580 0.042864 -0.046415 -0.061185 0.047804 -0.006309 0.047879 -0.024409 0.024391 0.071225 -0.003651 0.069581 0.037383 0.032645 -0.031679 -0.089481 -0.020874 -0.063531 -0.044646 0.027387 -0.105527 -0.004364 -0.069362 -0.005397 -0.001977 0.046411 -0.079598 0.005422 -0.029592 -0.001094 0.024743 -0.058615 0.019809 0.017070 0.022332 0.050774 -0.039232 0.060821 -0.012155 -0.019284 0.057434 -0.020310 0.005570 -0.038293 -0.083946 0.049227 0.008879 0.070307 0.058098 0.010228 -0.021435 -0.008414 0.049494 0.025627 -0.021716 0.066433 -0.025964 -0.014482 -0.039592 0.033292 
-0.014037 -0.029075 0.006373 0.037824 0.087047 -0.066973 -0.030841 -0.032742 0.078350 -0.179909 -0.013363 -0.044181 -0.039887 -0.044882 0.039972 -0.085758 0.043263 0.044003 0.028614 0.009139 0.044889 0.002714 0.073976 0.010973 -0.076137 -0.018835 0.057984 0.045807 0.104552 0.054589 0.036890 -0.010355 -0.028694 -0.065520 -0.073712 -0.110634 0.025006 -0.067510 0.053034 -0.003192 0.016184 0.079257 0.063039 -0.032442 -0.004365 0.011959 -0.007563 0.062994 -0.050457 -0.053669 -0.001888 0.052974 -0.029211 -0.011718 0.018632 -0.063763 -0.067793 -0.020370 -0.029279 0.009064 -0.022297 0.036660 0.079308 -0.033695 -0.087918 -0.033897 0.119891 -0.042103 -0.119991 0.051547 -0.046412 -0.018360 0.084620 0.053729 0.059607 -0.044812 0.017088 0.072994 0.009555 0.050041 0.018363 -0.024177 0.054680 0.029847 -0.066749 0.005428 0.006959 0.052263 0.044600 -0.011074 -0.039562 -0.200575 -0.011982 -0.020178 -0.037144 0.068437 -0.042337 0.018116 -0.039612 -0.120698 0.013636 0.118899 0.133599 0.002059 -0.021811 0.094658 0.039765 -0.063464 -0.016505 -0.064402 0.057698 -0.001982 -0.122230 0.000183 -0.024521 -0.002192 0.111083 0.027036 -0.038274 -0.078291 -0.009614 0.024698 -0.089496 0.130474 -0.039705 0.032717 0.075810 0.035348 
-0.032436 0.016695 -0.030472 -0.013771 -0.009064 0.038843 -0.021198 0.018986 -0.039239 0.047634 0.017285 0.022504 0.023074 0.007994 -0.012206 0.043636 0.009918 -0.019382 0.015641 -0.003431 -0.006070 0.007134 -0.018771 -0.004700 0.059894 0.030724 -0.033343 -0.037454 -0.016109 -0.026983 0.010308 -0.008796 0.005694 0.012287 0.058920 0.097303 -0.019374 0.026954 0.009433 0.006719 -0.012637 -0.049676 -0.014234 -0.013570 0.012629 0.031804 0.021816 -0.013299 0.030021 0.004947 -0.003045 -0.044438 0.029153 0.005389 -0.024448 0.005535 0.001641 0.003564 0.042700 -0.005439 0.009733 -0.026801 -0.046953 -0.012540 0.062083 0.030579 -0.018195 0.052266 0.056452 -0.021088 0.016270 0.005816 -0.043621 -0.054381 -0.006916 0.043541 -0.015404 -0.023455 0.015406 -0.044773 -0.006803 0.030252 -0.031923 -0.040369 0.030255 -0.047158 0.054489 -0.033185 -0.022788 -0.010505 0.039769 0.064415 -0.016983 -0.019230 -0.000482 -0.041193 0.006883 -0.024613 0.012712 0.064696 -0.015898 -0.071077 -0.077161 0.009550 -0.008335 -0.058511 -0.008335 0.023503 -0.024540 0.033971 -0.032886 -0.014253 0.052996 0.004669 -0.008518 0.013595 -0.061337 -0.010211 0.011870 0.055346 0.010415 -0.017361 0.035911 -0.049712 0.025694 -0.007401 -0.004118 -0.035199 
0.034791 -0.054892 0.043971 0.017909 -0.004182 -0.012867 0.004144 -0.031968 0.061728 -0.024260 0.005485 -0.044832 -0.009258 -0.008338 0.001145 -0.037569 -0.013612 0.020408 -0.004035 -0.032659 0.006535 -0.029124 0.002912 -0.017550 -0.043966 -0.044426 0.032283 0.063844 0.000118 0.026326 -0.054993 0.034445 0.033830 0.010648 -0.060885 -0.074610 0.009471 -0.002726 -0.015431 -0.004743 0.028256 0.038162 0.007139 0.033196 0.013038 -0.035881 -0.032720 -0.001558 0.006416 -0.013100 0.009983 0.055641 0.005550 -0.008477 0.039309 0.036629 -0.015127 0.016356 -0.053942 -0.006453 -0.018486 0.032262 0.041453 0.026282 -0.032788 -0.001891 0.023639 -0.068749 -0.039633 0.024342 0.008125 -0.016016 0.051190 0.010796 0.042333 -0.039302 -0.016836 0.037391 -0.018830 0.039761 0.015667 -0.029247 0.014643 0.018732 -0.030055 0.003589 -0.036629 0.025504 0.002015 0.017460 -0.055760 -0.037488 0.001843 0.024110 0.008026 0.016674 0.002014 0.004027 0.017342 -0.082319 0.005803 0.044801 0.048782 0.005646 -0.035006 0.045786 0.004262 -0.022246 0.049193 -0.039424 0.030313 0.004977 -0.043497 -0.007389 0.007539 -0.030885 0.067699 -0.007763 -0.005642 -0.076451 0.002212 0.054256 -0.039263 0.058850 -0.045557 0.002759 0.009892 0.004918 
0.012168 0.003061 0.011218 0.039101 0.080102 -0.070994 -0.065787 -0.005571 0.014926 -0.068140 0.018566 -0.043815 -0.011338 0.004388 0.057934 -0.052065 0.046711 0.064473 0.038222 0.031020 0.019624 0.000469 -0.007346 0.008446 0.012487 0.016716 0.034556 -0.007364 0.047393 0.009716 0.051998 -0.054947 0.020105 -0.018110 -0.021668 -0.028561 0.033142 -0.006349 -0.004698 0.028337 -0.007476 0.041709 0.037046 -0.073021 0.002178 0.055122 0.043957 0.003557 -0.030552 -0.045671 0.020518 0.028044 -0.030089 -0.040119 0.011015 -0.106856 0.003411 0.017476 -0.038307 -0.014658 -0.000546 0.007914 0.057399 -0.034491 -0.040436 0.022989 0.014798 0.006710 -0.062265 -0.007924 -0.036751 -0.016771 0.021149 -0.006102 0.048109 0.028167 -0.012059 0.062866 0.010157 0.011225 0.003841 -0.013933 -0.033078 -0.058338 -0.002353 -0.033428 0.005642 0.005722 -0.031865 -0.024826 -0.028076 -0.081789 -0.019246 0.011113 -0.057287 0.018063 -0.024300 0.007106 -0.033409 -0.038108 -0.001181 0.010969 0.039280 0.047428 -0.020450 0.046653 -0.002565 -0.031860 0.010677 -0.027883 0.020477 0.002353 -0.080877 0.026763 0.006739 0.045702 0.042630 0.020648 -0.030106 0.037381 0.029840 -0.037381 -0.056775 0.065946 0.007687 0.006871 0.019533 0.033480 
0.012879 0.007049 0.000948 0.006859 0.020960 -0.004924 -0.011128 0.002886 -0.017870 -0.013576 0.006077 -0.014046 0.007572 0.008779 0.018334 -0.023393 0.009141 0.023513 0.008530 -0.000730 0.006126 0.021199 -0.004734 -0.003361 0.009065 -0.001194 -0.020532 -0.010296 0.001641 -0.019701 -0.004358 0.012717 0.021801 0.002743 0.001861 -0.001841 0.008835 0.017069 0.011777 0.032838 -0.011011 0.006371 -0.006931 0.001708 -0.003458 0.020013 0.020335 0.001436 -0.030814 -0.018386 0.013254 -0.036774 0.003500 -0.015581 0.000127 -0.041873 0.022679 0.008245 -0.012598 -0.010204 0.017171 -0.012565 0.026378 0.002031 0.002618 0.003684 0.021236 0.012203 -0.001437 -0.009956 -0.021581 0.002780 0.009785 0.002641 -0.002417 0.003185 -0.005485 0.012247 -0.016592 -0.011869 0.000392 0.015227 0.001769 -0.006068 -0.000576 -0.025098 -0.003708 0.008142 -0.021469 0.003646 0.015825 0.017083 -0.004737 -0.007055 -0.022682 -0.007734 0.001038 -0.018326 -0.011196 0.003318 -0.006068 0.016144 -0.002098 0.009896 0.006353 0.020320 -0.011025 0.000849 0.005035 -0.000683 0.007203 -0.000301 -0.022152 0.021882 -0.022917 -0.000867 0.002050 0.028667 -0.014798 0.009155 0.011434 -0.019126 -0.024938 0.010031 -0.003392 -0.016616 -0.014105 0.003226 
-0.014555 0.005934 -0.001793 0.033289 0.079248 -0.077914 -0.033576 -0.016613 0.022985 -0.111034 0.000618 -0.014674 -0.005745 -0.014460 0.034704 -0.043039 0.036908 0.027890 0.023170 0.031533 0.057311 0.011419 0.026631 0.002621 -0.004531 0.023773 0.009823 0.006993 0.063249 -0.004130 0.046158 -0.023987 0.010739 -0.058539 -0.016580 -0.042603 0.033107 -0.023036 0.018750 0.015255 0.001312 0.021633 0.038034 -0.059159 -0.014156 0.033206 0.003040 0.026634 -0.026798 -0.032718 -0.018135 -0.019491 -0.013041 -0.027658 0.018567 -0.069814 -0.027724 0.010670 -0.026372 -0.007279 -0.001062 -0.011014 0.045895 -0.022775 -0.048099 0.005520 0.056716 -0.017387 -0.070979 0.012471 -0.015357 -0.003828 0.028803 0.010688 0.026618 0.001458 -0.002767 0.040274 0.010420 0.012977 0.013081 -0.005121 0.016213 -0.015879 -0.035714 -0.020682 0.019196 0.017384 0.001670 -0.036252 -0.013074 -0.080582 0.007429 0.004400 -0.016791 0.037223 -0.018722 0.006603 -0.037029 -0.048773 -0.000848 0.070190 0.055308 0.016771 0.005028 0.039653 0.017391 -0.042194 -0.014898 -0.024994 0.020270 0.012111 -0.064380 0.023913 -0.041210 0.005521 0.034347 0.021160 -0.008488 -0.000951 0.019051 -0.014366 -0.051245 0.062413 -0.013121 0.008642 0.035616 0.046366 
0.009781 0.026665 -0.028913 0.047999 0.095768 -0.069296 -0.075732 0.001753 -0.000134 -0.104722 -0.002944 -0.030704 -0.016404 -0.016596 0.064422 -0.044496 0.063270 0.043417 0.065622 0.050736 0.033252 -0.007549 0.005230 0.011518 -0.003975 0.018621 0.012763 -0.038456 0.074621 0.015844 0.069968 -0.034110 0.002851 -0.039710 -0.001783 -0.016405 0.042211 -0.020709 0.018396 0.027010 -0.018023 0.013589 0.016984 -0.098306 -0.010961 0.077098 0.023319 0.042057 -0.041040 -0.050226 0.003372 -0.026493 -0.009608 -0.039746 -0.001247 -0.107726 -0.025639 -0.016645 -0.025027 -0.023821 -0.010460 -0.001454 0.016466 -0.043225 -0.031442 0.024795 0.070991 0.030842 -0.052323 0.008363 -0.039173 -0.004301 0.025516 -0.004038 0.036470 0.008619 0.020680 0.052272 0.033980 0.014114 0.001126 0.008828 -0.016064 -0.050796 -0.017841 -0.042411 0.048398 0.002910 0.002309 -0.040719 -0.021229 -0.103995 -0.006439 -0.002111 -0.071057 0.008088 -0.020850 0.009241 -0.023783 -0.015638 0.002975 0.024262 0.039448 0.031894 -0.001859 0.048989 0.024084 -0.060926 -0.009581 -0.020897 -0.001980 -0.032353 -0.065081 0.046485 -0.021762 0.056120 0.027768 0.034955 -0.025021 0.026950 0.043737 -0.027156 -0.022967 0.043256 0.006912 0.026846 0.042146 0.025516 
-0.003447 0.012933 -0.018267 0.035739 0.042330 -0.059752 -0.068212 0.005201 -0.003997 -0.010438 0.008196 -0.019141 0.001501 0.010698 0.022692 -0.025176 0.019012 0.035889 0.032017 0.016833 0.033812 -0.018949 -0.021126 -0.003134 0.024742 0.035042 -0.000312 -0.031485 0.012394 -0.002444 0.026668 -0.035378 0.032533 -0.003695 0.015360 0.007855 0.029993 0.019996 0.000540 0.034731 -0.006634 -0.001847 0.006924 -0.063170 0.000401 0.063216 0.030046 -0.015907 -0.015394 -0.038392 0.016634 -0.022903 0.000909 -0.048268 0.019297 -0.095896 0.010050 0.027927 -0.005142 -0.024383 0.000816 -0.001424 0.020804 -0.016797 0.012951 0.051050 0.003147 0.016219 -0.011979 -0.021475 -0.012638 -0.004475 0.011490 -0.032786 0.031391 0.040490 -0.004221 0.026564 0.014931 -0.001889 0.008867 0.010060 -0.039222 -0.055848 0.012895 -0.067432 0.015788 0.010157 -0.054754 -0.041594 -0.007990 0.009327 -0.007490 0.017526 -0.027546 -0.008667 -0.004529 -0.006679 0.007253 0.013466 -0.015419 -0.018349 -0.006777 0.026928 -0.002215 0.022749 0.000148 -0.032611 0.002438 0.006837 0.002206 -0.029596 -0.038381 0.035591 -0.011744 0.046373 0.007616 0.019232 -0.014700 0.055221 0.016495 -0.039044 -0.017222 0.014505 0.010838 0.009005 -0.005462 0.019830 
-0.007891 0.021699 -0.002938 -0.011265 0.006992 0.004486 -0.011436 -0.007297 -0.006975 -0.033133 0.018497 0.013164 -0.006550 -0.018712 -0.005001 -0.006393 0.022427 -0.018634 0.002248 0.004216 -0.011088 0.033505 0.001002 0.013235 -0.015611 0.029275 0.029668 -0.012317 0.021564 0.027667 0.018203 -0.011511 -0.013567 0.003948 0.004435 0.027441 -0.011656 -0.027570 0.020872 -0.002043 -0.006214 -0.009773 0.033022 -0.052822 -0.004338 0.018381 -0.003924 -0.009302 0.013139 0.034118 -0.017383 -0.002729 0.006285 0.011541 -0.019950 -0.008702 -0.023183 -0.026270 0.012921 0.006542 -0.005176 -0.016228 -0.026912 -0.032221 0.014265 -0.020541 0.001379 0.005971 0.006439 -0.008021 -0.008443 -0.005980 -0.013173 -0.007381 -0.011457 0.001141 -0.018240 0.001878 -0.005372 0.003887 -0.030759 -0.002888 -0.016628 0.006969 0.016236 0.010881 0.033475 0.001477 0.015513 0.001176 0.002471 -0.038171 -0.008049 -0.014901 0.013993 -0.009086 0.019094 0.011490 -0.020523 0.006183 -0.006204 -0.029008 0.018385 0.018154 0.013649 -0.023921 0.002856 -0.027681 -0.014895 -0.014466 0.005212 0.004557 0.019645 -0.018513 0.012872 0.008877 0.008238 0.008363 0.014055 0.030601 0.007323 0.001587 -0.009663 0.018496 -0.005241 0.025694 0.013257 0.021468 
-0.039429 0.018156 -0.022371 0.018167 0.070080 -0.065812 -0.039956 0.021254 -0.013250 -0.068487 0.000545 -0.000538 -0.012561 -0.004849 0.035310 -0.009819 0.035826 0.018299 0.015083 0.029101 0.023870 -0.031237 0.028217 -0.001172 -0.007486 0.029074 0.020908 -0.027770 0.037037 0.019158 0.055467 -0.059218 0.002884 -0.060029 0.018846 0.028639 0.032630 0.009473 0.012964 0.022805 -0.006671 0.006254 0.048222 -0.080176 -0.013350 0.044075 0.026201 0.004781 -0.012196 -0.016666 0.000555 -0.009072 -0.007530 -0.009043 -0.020571 -0.069800 0.011187 -0.003958 0.019972 0.001128 -0.008035 -0.002669 -0.004874 -0.020708 -0.005900 0.018479 0.008979 0.018859 -0.034157 -0.009497 -0.001610 0.004617 -0.005759 -0.009976 0.015109 0.036838 -0.010275 0.001397 0.040645 -0.016359 -0.002893 -0.010933 0.012383 -0.035382 -0.019776 -0.028765 0.036140 -0.003005 -0.024251 -0.044296 0.012178 -0.047734 -0.000348 0.010850 -0.024357 0.022068 0.012722 -0.007959 -0.018739 0.013798 -0.007322 0.000278 0.005578 0.001803 0.016343 0.003007 0.010490 -0.019467 -0.025435 -0.007646 -0.010967 0.000162 -0.025476 0.011003 -0.026998 0.034273 0.004316 0.021642 0.002852 0.053807 0.004017 -0.043022 -0.020015 0.020939 0.010536 -0.002413 0.037647 0.026434 
0.006812 -0.027184 0.024792 -0.024298 -0.040556 0.039302 0.080393 -0.035914 0.024625 -0.013835 -0.043947 0.028843 -0.034344 -0.038506 -0.021943 0.013900 -0.025611 -0.053859 -0.046093 -0.018879 -0.003455 0.005083 0.038911 -0.002743 -0.057538 -0.070193 0.006818 0.078944 0.015547 0.026378 -0.061558 0.067519 -0.022785 0.009796 -0.040476 -0.077313 -0.013510 -0.036070 0.016531 -0.041543 0.010558 0.019439 0.013895 0.069949 -0.015455 -0.088599 -0.061743 0.033395 -0.004547 0.036730 -0.047808 0.051130 -0.003869 0.057503 0.010989 0.112912 -0.032578 -0.025764 0.004844 0.046544 -0.005713 -0.002896 0.014726 0.033867 -0.028643 -0.069478 0.009785 -0.060946 -0.005319 0.023774 0.035567 0.025838 0.033649 0.031180 0.007845 -0.077892 0.003164 -0.024587 -0.024078 0.007636 0.019296 -0.047168 0.045484 0.118083 -0.053720 0.089559 -0.021245 0.003811 0.099027 0.053315 -0.000554 -0.036368 0.024653 -0.010365 0.040749 0.005504 0.017116 0.001735 0.008401 -0.073083 0.002972 0.063573 0.057595 -0.046280 -0.004381 0.001112 0.001816 -0.011859 0.006810 -0.035909 0.042173 0.032477 0.011816 -0.057858 0.013580 -0.083416 0.019044 -0.015049 0.012857 -0.112974 -0.022831 0.059751 0.014877 0.016580 -0.024334 0.013465 0.021913 -0.009025 
-0.009515 0.021020 -0.017675 0.005290 -0.040677 0.014246 -0.024934 0.043342 -0.064872 0.133020 0.027236 0.015404 0.049106 0.055005 -0.007682 0.034823 -0.004390 0.018238 0.013987 0.006513 0.001946 -0.014330 -0.077004 -0.016759 0.092861 0.054581 -0.028111 -0.074558 -0.078486 -0.051822 0.027013 -0.026569 0.014985 0.027063 0.067437 0.108625 -0.006698 0.064027 -0.054278 0.035175 -0.021319 -0.058647 -0.044727 -0.024431 0.013344 0.036816 0.041660 -0.051656 0.039686 0.007574 0.030291 -0.035115 0.014193 -0.032725 0.000379 -0.038266 0.042055 0.029803 0.016011 -0.035125 0.028893 -0.010575 -0.041364 -0.012864 0.062767 0.063044 -0.087658 0.074211 0.078759 -0.032821 0.017861 -0.014311 -0.063439 -0.047913 -0.037683 0.061514 -0.019128 -0.013884 0.014626 -0.028095 -0.028342 0.034425 -0.085994 -0.102484 0.076405 -0.061822 0.019228 -0.029012 -0.102207 -0.031532 0.016783 0.140676 -0.016840 0.009598 -0.006954 -0.046293 -0.008468 -0.017218 0.029586 0.123416 -0.022301 -0.124060 -0.102449 0.034038 0.015807 -0.040014 -0.043638 0.040215 0.019410 0.069888 -0.069045 -0.012211 0.058130 0.049533 0.017167 0.067850 -0.072124 -0.011288 0.002324 0.099587 0.009091 -0.052944 0.045569 -0.083643 0.024117 -0.008370 -0.051220 -0.010034 
-0.012421 0.027699 -0.014200 -0.016796 -0.072256 0.075072 0.016035 0.012420 -0.029444 0.109653 0.019197 0.044298 0.019524 -0.016297 -0.035432 0.053473 -0.036105 -0.033891 -0.026977 -0.030648 -0.016166 0.016277 -0.058130 0.006152 0.011407 -0.007276 -0.013444 -0.001700 -0.048609 0.004107 -0.031470 0.042797 0.000656 0.054501 0.045959 0.062383 -0.034332 0.002253 0.005506 -0.013588 -0.006024 -0.061521 -0.052026 0.043069 0.006508 -0.019625 -0.027505 -0.008171 0.009124 0.034132 -0.004698 -0.034900 0.038234 0.039730 -0.037751 0.052114 -0.000590 -0.016195 0.040188 0.027455 0.025200 -0.016486 -0.061658 -0.000629 0.064854 -0.026722 -0.013691 0.044784 0.083384 -0.019724 0.024600 0.033461 -0.035538 -0.045877 -0.026626 0.005840 -0.002989 -0.039104 -0.022647 -0.021632 -0.026210 0.020473 -0.034111 0.041035 0.032608 0.006955 0.028478 -0.008944 0.035027 0.022186 0.030166 0.097353 0.003748 -0.042052 0.038812 -0.044914 0.007231 0.003530 0.044871 0.067489 -0.026941 -0.049401 -0.084845 -0.033964 0.014975 -0.055416 -0.015204 0.023187 0.006492 0.035536 -0.030126 -0.030889 0.077523 -0.018189 0.041108 -0.017083 -0.066017 -0.019580 -0.008722 -0.001068 -0.009905 -0.009336 0.048670 -0.077971 0.012053 0.008155 -0.019517 -0.057088 
0.040513 -0.051469 0.012039 0.029381 0.082036 -0.034600 -0.055155 -0.037587 0.064968 -0.141258 -0.021191 -0.063538 -0.050339 -0.024114 0.021324 -0.087973 0.073746 0.062645 0.053647 0.028934 0.018925 -0.001084 0.077398 0.027299 -0.059724 -0.048982 0.048953 0.037001 0.125074 0.045700 0.008306 -0.028124 0.022722 -0.010702 -0.080431 -0.087676 0.048167 -0.031710 0.026081 -0.028502 0.022237 0.105116 0.032994 -0.063363 0.002711 0.031794 0.042743 0.016844 -0.044949 -0.073602 0.006118 0.073731 -0.041606 -0.026486 0.033908 -0.057890 -0.048025 -0.000485 -0.047814 -0.004410 -0.044070 0.036608 0.087180 -0.006308 -0.098808 0.003914 0.062091 -0.045143 -0.092633 0.059958 -0.072749 -0.053890 0.061910 0.022254 0.107569 -0.025834 0.006726 0.092503 0.011297 0.054557 0.028023 -0.034060 0.018597 -0.025046 -0.056787 -0.037892 -0.004481 0.045510 0.030711 -0.001496 -0.050187 -0.172902 -0.027048 0.011893 -0.064773 0.019096 -0.027593 0.028248 -0.030592 -0.150967 0.027966 0.038309 0.117389 0.039034 -0.066828 0.056787 0.045089 -0.058520 0.004584 -0.076035 0.058905 -0.013986 -0.124815 0.013966 0.005696 0.025966 0.106270 0.012023 -0.032510 -0.034066 0.013533 0.028766 -0.056530 0.111870 -0.015367 0.034383 0.066455 0.017290 
0.004002 -0.045926 0.026785 -0.048575 -0.066151 0.001489 0.084618 -0.043318 0.027350 -0.023024 -0.026752 0.006507 -0.063220 -0.004884 -0.042877 0.012604 -0.040323 -0.052761 -0.069430 -0.027715 -0.022061 -0.017192 0.061708 0.005465 -0.081250 -0.052349 0.051366 0.061508 0.003192 0.044096 -0.056157 0.031554 -0.026608 0.026907 -0.059886 -0.079480 -0.018160 -0.045330 0.005012 -0.063009 0.037615 0.033759 0.050424 0.045666 -0.005694 -0.097227 -0.045249 0.001139 0.000099 0.037238 -0.026247 0.075254 -0.019061 0.070403 0.027726 0.097688 -0.006812 -0.026597 0.005261 0.033212 -0.047200 0.023254 0.019291 0.037875 -0.040034 -0.050852 -0.034088 -0.089243 -0.001170 0.036781 0.029997 0.014421 0.035393 0.057761 -0.001346 -0.070787 0.008448 -0.021072 -0.034551 0.041198 -0.002948 -0.057605 0.076305 0.093218 -0.057590 0.095744 -0.049754 0.021593 0.047785 0.054990 -0.038167 -0.050352 0.023675 0.036154 0.038597 0.038393 0.028254 0.007359 -0.009837 -0.085188 0.017354 0.036678 0.085171 -0.007413 0.016545 -0.003664 -0.001104 0.004221 0.006808 -0.031429 0.059765 0.029457 0.014107 -0.053372 0.013791 -0.076232 0.051665 -0.000186 0.036194 -0.088527 -0.035824 0.073119 0.013714 0.047944 -0.033563 -0.005860 0.000968 0.024873 
-0.006194 0.005366 -0.021666 0.030772 0.037900 -0.032251 -0.074007 0.019743 -0.016945 0.007049 0.012746 -0.026963 0.024786 0.010420 0.023712 0.000261 0.048760 0.036326 0.032120 0.033563 0.018319 0.002039 -0.013502 0.010567 0.046595 0.052786 -0.011854 -0.048095 0.015168 -0.023238 0.035246 -0.048495 0.040557 -0.017624 0.038627 0.049245 0.024370 0.028395 -0.009370 0.040327 -0.008341 -0.012920 0.004483 -0.062253 0.003132 0.062683 0.022788 -0.021158 0.013926 -0.021942 0.032783 -0.028505 0.002300 -0.054407 0.008306 -0.085440 0.016460 0.018047 -0.014066 -0.038045 0.017269 -0.002270 -0.006208 -0.021696 0.023607 0.053278 -0.012082 0.049153 -0.000300 -0.014839 -0.015016 -0.006407 -0.020703 -0.048677 0.022423 0.053235 0.001451 0.028376 0.029234 -0.017472 0.003992 0.023013 -0.057910 -0.097983 0.020515 -0.075601 0.035006 -0.026719 -0.057680 -0.048659 -0.004733 0.011329 -0.019650 0.013208 -0.031775 -0.013225 0.002057 -0.015516 -0.001844 0.039909 -0.006130 -0.040214 -0.038547 0.048913 -0.015650 0.004867 0.007741 -0.022773 0.002963 0.025773 -0.036227 -0.011873 -0.028724 0.031076 -0.016282 0.060232 -0.022525 0.002909 -0.006235 0.079385 0.025030 -0.046916 -0.024699 -0.013713 0.022210 -0.000455 -0.013190 0.010978 
-0.020130 0.044863 -0.009686 -0.018205 -0.039164 0.022862 0.021501 0.038351 -0.051359 0.117489 0.005628 0.037399 0.038184 0.032725 -0.022640 0.084811 -0.029789 -0.031794 -0.021148 -0.005329 -0.006979 -0.004980 -0.053741 -0.025973 0.077227 0.033511 -0.051406 -0.031948 -0.078987 -0.049083 0.012743 -0.006393 -0.004235 0.006169 0.070931 0.089624 -0.042335 0.057272 -0.034457 0.014882 -0.024350 -0.068902 -0.030681 0.029619 -0.008991 -0.026763 0.005272 -0.040698 0.064509 0.037319 0.001008 -0.029914 0.019197 -0.002449 -0.018810 0.042837 0.049696 0.029099 0.039603 -0.003326 0.040054 -0.030264 -0.046234 0.009564 0.061734 0.023931 -0.072092 0.049460 0.051146 -0.050273 0.049604 0.022181 -0.076387 -0.034254 -0.044527 0.049257 -0.003785 -0.052696 -0.007867 -0.063898 -0.025303 -0.000447 -0.031609 -0.026871 0.049514 -0.005696 0.015658 -0.033498 -0.044617 -0.011877 0.033417 0.128029 0.004964 -0.000372 0.039084 -0.023287 0.013443 -0.014533 0.031040 0.094433 -0.015399 -0.079679 -0.100750 -0.019292 0.024889 -0.063303 -0.024372 0.059988 -0.006745 0.066816 -0.071757 0.004648 0.080414 0.004220 -0.002006 -0.001190 -0.084699 -0.024458 0.023121 0.055448 -0.003411 -0.027797 0.054017 -0.092822 0.035727 -0.018989 -0.032585 -0.020831 
-0.066017 0.035558 0.012560 -0.101796 -0.149975 0.096167 0.147677 0.003299 -0.056165 0.136126 -0.006268 0.101549 -0.002743 -0.013558 -0.077379 0.121949 -0.109891 -0.119931 -0.118449 -0.063917 -0.054441 0.028860 -0.017252 -0.003055 -0.026165 -0.004118 0.000467 0.007859 -0.098526 0.007014 -0.048745 0.041051 -0.097116 0.062608 0.067098 0.060873 -0.079180 -0.023226 0.012024 -0.064608 -0.028510 -0.085936 0.017035 0.117582 -0.016070 -0.119725 -0.061528 -0.022737 0.042162 0.131185 -0.058234 -0.021603 0.047542 0.136295 -0.053429 0.178591 0.010244 -0.044818 0.104297 0.099699 0.009780 -0.031064 -0.124643 0.028794 0.089649 -0.083269 -0.077576 0.009497 0.131394 -0.045498 0.089708 0.061955 -0.062504 0.019519 -0.131377 -0.029535 -0.028002 -0.128345 -0.054571 -0.062188 -0.038159 -0.027858 0.022603 0.160534 0.052558 0.127976 -0.005912 -0.018633 0.091948 0.050093 0.054054 0.124727 0.021147 -0.052480 0.139362 -0.031172 0.047064 0.002412 0.036050 0.100348 -0.010331 -0.063932 -0.090318 -0.081312 0.064060 -0.109253 -0.037999 0.067711 -0.021332 0.059966 -0.001951 0.060898 0.195862 -0.085916 0.016673 -0.104436 -0.055189 -0.015904 0.037684 -0.027988 -0.066412 0.041303 0.084469 -0.118472 0.024611 0.001642 -0.051159 -0.049018 
-0.003862 -0.023290 -0.007136 -0.004167 0.025846 -0.026865 -0.011898 -0.008502 0.014771 -0.039370 -0.013002 -0.012140 -0.022003 0.005791 -0.008479 -0.009505 0.024714 0.001342 0.005813 0.016417 0.003626 -0.008364 0.040713 0.000058 -0.025416 -0.019290 0.004066 0.008766 0.044954 0.018735 0.006103 -0.021053 0.008736 -0.014245 -0.022483 -0.010180 0.026956 0.009244 -0.002346 -0.011332 0.021930 0.024297 0.015140 -0.031500 -0.007108 0.022786 0.009831 -0.018232 -0.005655 -0.020041 -0.012690 0.032938 -0.024308 -0.002897 0.000690 -0.006298 -0.012119 0.013329 -0.000793 -0.013324 -0.011439 -0.001528 0.024650 0.020417 -0.029003 0.010543 0.001317 -0.022435 -0.036329 0.028561 -0.010920 -0.007928 0.003900 -0.014651 0.027925 0.010128 0.013603 0.007665 0.029187 0.014339 0.025204 -0.016686 0.032846 -0.012198 -0.023942 -0.014941 -0.002647 0.013007 0.011108 0.005278 -0.005545 -0.035905 -0.000366 0.021862 -0.003569 -0.002577 0.011894 0.016019 -0.006673 -0.052182 0.006727 0.007072 0.032488 0.018886 -0.012164 -0.004968 0.020982 0.004246 -0.020948 -0.037291 -0.000801 -0.007837 -0.026778 0.002590 -0.008833 0.001340 0.008979 -0.012055 0.015646 -0.001328 -0.001571 0.005283 0.003623 0.015011 0.006998 0.006402 0.027962 -0.000470 
0.028649 -0.037092 0.017649 0.044858 0.047535 -0.051696 -0.020974 -0.003136 0.066352 -0.066801 -0.033767 -0.036485 -0.009583 -0.016693 0.012938 -0.057929 0.026481 0.034138 0.016426 0.009287 0.018753 -0.027498 0.033924 -0.001290 -0.035378 -0.037234 0.013693 0.027081 0.064573 0.022848 0.004558 0.001162 0.016402 -0.033472 -0.053513 -0.075017 0.035923 -0.023683 -0.010073 -0.005728 0.030269 0.054853 0.001601 -0.023242 -0.005448 0.013104 -0.013502 0.019289 -0.029490 -0.040301 0.014727 0.045035 -0.018368 -0.020295 0.030246 -0.041667 -0.033567 0.005605 -0.041112 -0.001980 -0.017906 0.023251 0.046910 0.005900 -0.068187 0.017387 0.043361 -0.032650 -0.075381 0.038255 -0.022674 -0.033965 0.050905 0.016052 0.043482 -0.015836 0.025751 0.043014 0.020741 0.037073 0.048424 -0.000456 0.026238 -0.015220 -0.035028 -0.014956 -0.017932 0.030882 -0.003124 -0.024674 -0.040293 -0.086634 0.010282 -0.003053 -0.011218 0.025287 -0.034615 0.035436 -0.020580 -0.079467 0.015136 0.070284 0.059963 0.007894 -0.029451 0.070307 0.020951 -0.015598 0.002447 -0.031209 0.024386 -0.000046 -0.081705 0.030336 0.013037 0.000254 0.056993 -0.008894 -0.013488 -0.052219 0.000974 0.011474 -0.044346 0.055113 -0.010034 -0.000724 0.027187 0.017285 
0.020235 -0.023106 0.012580 0.028003 0.027679 -0.061888 -0.038892 0.018663 -0.009012 -0.015006 0.013460 -0.045448 -0.008399 0.047341 0.037657 -0.028319 -0.000980 0.064656 0.027630 -0.008523 0.007278 -0.042177 -0.011389 -0.021660 0.038251 0.016575 0.016984 -0.025549 -0.017392 -0.039110 0.005172 -0.036811 0.030243 -0.014038 -0.015347 -0.017465 0.005879 0.019697 -0.046947 0.034253 0.003503 0.036985 0.012412 -0.010274 -0.002120 0.023403 0.040427 -0.010001 0.003124 -0.039608 0.033170 0.032785 -0.019397 -0.038814 0.037351 -0.058997 0.053853 0.045023 -0.043617 -0.025139 0.001566 0.045464 0.060687 -0.018697 -0.028579 0.040914 -0.018402 -0.003880 -0.023108 0.004700 -0.001697 -0.022080 0.010965 0.012687 0.033804 0.029186 0.002114 0.043048 0.006027 0.017115 0.011590 0.005563 -0.027738 -0.075578 0.010965 -0.033217 -0.042928 0.006950 -0.098469 -0.036642 -0.050140 -0.005087 -0.011760 0.033022 -0.034597 0.030027 -0.035721 -0.000271 -0.008469 0.013848 0.013387 -0.006243 0.001991 0.022066 -0.018009 0.039401 -0.037811 0.005963 0.029266 0.008955 0.022421 0.008356 -0.041903 0.032702 -0.018706 0.052155 0.040538 0.025203 -0.026454 0.024599 0.009329 0.002750 -0.038158 0.030138 -0.000512 -0.015144 -0.030622 0.004477 
-0.008662 0.030871 -0.020463 -0.003958 -0.040699 0.012320 -0.026602 0.034447 -0.071464 0.146232 0.036451 0.027924 0.054189 0.052815 -0.011570 0.042177 -0.018721 -0.005135 -0.004277 -0.009824 0.007499 -0.016777 -0.085355 -0.015923 0.083287 0.052866 -0.060705 -0.055207 -0.093770 -0.050406 0.003163 0.000543 0.035187 0.033037 0.079878 0.114882 -0.001649 0.075263 -0.038024 0.051334 -0.024649 -0.080361 -0.055633 -0.003940 0.029679 0.045241 0.020630 -0.033537 0.019210 0.030530 0.027704 -0.081241 0.023278 -0.033939 -0.008526 -0.046284 0.052769 0.033159 0.028022 -0.044261 0.050876 -0.031671 -0.055153 -0.004883 0.096766 0.034964 -0.064642 0.075205 0.087345 -0.040550 0.017870 0.009091 -0.071874 -0.069650 -0.040833 0.052090 -0.018477 -0.036739 0.016868 -0.023690 -0.012999 0.056539 -0.054248 -0.077949 0.068500 -0.059581 0.025927 -0.026042 -0.086494 -0.023034 0.035931 0.170638 -0.006261 0.014476 0.015044 -0.054302 0.021779 -0.026475 0.048312 0.130373 -0.033086 -0.102031 -0.141281 0.013386 0.023351 -0.049058 -0.042425 0.040996 0.007888 0.066750 -0.070924 -0.026114 0.095301 0.022879 0.001993 0.056403 -0.107321 -0.015638 0.012744 0.094716 0.013941 -0.067949 0.025794 -0.098412 0.015002 -0.025653 -0.065063 -0.006390 
0.003977 -0.029282 0.014372 -0.040930 -0.058531 0.056713 0.068675 -0.003101 0.024585 0.017373 -0.019610 0.010568 -0.017990 -0.019584 -0.045441 0.033111 -0.024318 -0.059713 -0.046526 -0.006886 -0.018614 0.000439 0.023644 0.004905 -0.027424 -0.047812 -0.004699 0.054762 -0.011599 0.011883 -0.060932 0.048147 0.000483 0.014172 -0.018290 -0.020567 -0.033648 -0.020966 0.002923 -0.036377 0.024810 -0.010026 -0.011469 0.066437 -0.008000 -0.066892 -0.047057 0.003585 0.037109 0.034381 -0.021666 0.018282 0.003925 0.040798 -0.014682 0.117741 -0.016342 -0.011295 0.012540 0.020811 -0.000666 0.000529 -0.007081 0.037282 0.021445 -0.030132 -0.010849 -0.029458 0.008624 0.009991 0.018297 0.026907 0.004494 0.027164 -0.004156 -0.024443 0.012715 -0.043821 -0.013700 -0.007585 -0.002164 -0.023892 0.050081 0.063124 -0.039205 0.054574 -0.030749 -0.010182 0.066582 0.051049 0.007073 0.008198 0.020989 0.002392 0.024530 0.008681 0.023835 -0.010312 0.019981 -0.034615 0.008913 0.018423 0.009619 -0.040238 -0.005108 -0.020836 0.019833 0.024141 -0.004387 -0.008497 0.006968 0.000189 0.026518 -0.029135 0.017477 -0.057183 -0.012690 -0.031951 0.021391 -0.067706 -0.023146 0.049728 0.033996 -0.028535 -0.020759 -0.002717 0.004833 -0.017407 
0.010139 -0.007241 -0.003403 0.022151 0.075654 -0.059729 -0.039693 0.006269 0.022107 -0.081195 -0.004519 -0.013947 -0.037563 -0.010292 0.020068 -0.047704 0.022648 0.035373 0.023220 0.033116 0.018248 -0.005163 0.047179 0.008230 -0.018798 -0.002000 0.032241 -0.033175 0.059412 0.004101 0.050248 -0.061545 -0.010044 -0.034058 -0.016680 -0.022031 0.034023 -0.016809 0.019861 0.011264 -0.005940 0.045413 0.032918 -0.067124 -0.019655 0.037301 0.036047 0.013104 -0.036866 -0.039455 0.012305 -0.004533 -0.020007 -0.013170 0.010232 -0.074301 -0.008666 0.002704 -0.019536 0.022877 -0.025753 0.006472 0.016229 -0.013852 -0.044876 0.014266 0.028624 0.020755 -0.047067 0.012882 -0.038126 -0.015161 0.018099 0.007718 0.023026 0.007791 -0.003578 0.038214 0.017823 0.018070 0.005798 -0.002121 0.004433 -0.017308 -0.001762 -0.029511 -0.004473 0.024491 -0.010286 -0.040897 0.006135 -0.089740 -0.012101 -0.006516 -0.028928 0.032046 -0.007287 0.024975 -0.045362 -0.022353 0.020144 -0.003457 0.037710 0.022106 0.012127 0.022129 0.019753 -0.025017 -0.015167 -0.007924 0.032775 0.005709 -0.057552 0.011243 -0.026858 0.036100 0.049470 0.028483 -0.019464 0.030055 -0.001570 -0.024204 -0.032929 0.054790 0.011392 0.007399 0.030818 0.021309 
-0.002768 0.013698 -0.012724 0.000174 0.007190 0.002200 -0.017706 0.012632 -0.009492 0.010851 0.007753 0.001744 0.006818 0.012316 -0.006372 0.012489 -0.000231 0.011896 0.014444 0.003636 -0.005924 0.002325 -0.012010 -0.003408 0.010891 0.014419 0.002877 -0.023164 -0.000021 0.001403 0.036928 -0.034003 -0.006687 -0.008929 0.031259 0.037018 0.001252 -0.000352 -0.005053 -0.004672 -0.015019 -0.018239 -0.001465 -0.027671 0.006542 0.020979 0.026271 -0.002815 0.009298 -0.012001 -0.007286 -0.000179 0.000459 -0.003889 -0.013951 -0.009752 0.003194 -0.006928 0.015464 -0.001682 0.000786 -0.003377 -0.027291 -0.007948 0.006831 0.003777 -0.009622 0.026371 0.004761 -0.015321 0.003974 -0.002160 -0.015346 -0.007998 -0.008338 0.017817 -0.005643 -0.001699 0.014258 -0.006508 -0.017501 0.008010 -0.012386 -0.020491 0.021267 -0.020373 0.006374 -0.000339 0.000158 -0.012691 0.018167 -0.001330 -0.011305 -0.009243 -0.006171 -0.001138 0.002427 0.010958 -0.003666 0.029072 0.002146 -0.028544 -0.029456 0.006423 0.012380 -0.021058 -0.003972 0.006206 -0.017595 0.009034 -0.020015 0.010008 0.015339 0.000013 -0.006702 0.025277 -0.001502 0.001105 -0.014927 0.039773 0.003647 -0.011651 0.025852 -0.020045 0.013398 -0.002866 0.013886 -0.014029 
0.033485 -0.007660 0.004100 0.054322 0.060684 -0.024924 -0.046875 0.005381 -0.002592 -0.016200 -0.003564 -0.026201 0.009392 0.009011 0.025320 -0.036359 0.046438 0.050133 0.038152 0.042705 0.023777 -0.008078 -0.033389 0.004767 0.034523 0.024250 -0.006592 -0.026011 0.023096 -0.015594 0.032037 -0.029866 0.042424 -0.025235 -0.007378 0.002314 0.024510 0.016233 -0.037536 0.020817 -0.003540 0.024222 -0.030829 -0.048406 0.003642 0.051165 0.043454 0.001169 -0.010308 -0.044842 0.039475 0.000205 -0.000393 -0.065667 0.010933 -0.061269 -0.000410 0.026933 -0.034046 -0.031936 0.021870 -0.011182 0.035514 -0.012036 -0.021204 0.053416 -0.002204 0.024337 -0.042433 0.001880 -0.019759 -0.021378 0.004182 -0.002178 0.036381 0.016885 -0.000210 0.051657 0.020617 -0.003297 0.001206 0.012150 -0.030148 -0.089497 -0.005814 -0.064713 0.001299 -0.004325 -0.033414 -0.040934 -0.025494 -0.034848 0.013120 0.006826 -0.058572 0.009763 -0.036692 0.008702 -0.006511 -0.009787 0.007451 -0.005795 0.005977 0.038584 -0.028738 0.042682 0.011141 -0.012692 0.013883 -0.004227 -0.019363 -0.013299 -0.065425 0.046728 0.007420 0.054796 0.018847 -0.010200 -0.021459 0.023472 0.035505 -0.033294 -0.015933 0.002862 0.017490 0.000294 0.013318 0.010523 
-0.001491 -0.003016 -0.014277 -0.001105 -0.001443 0.020775 -0.019845 -0.007280 -0.006875 0.007749 0.001388 -0.000624 -0.017662 0.014604 0.001416 -0.007696 0.026748 -0.002528 0.012430 0.007166 -0.005014 -0.007101 -0.014981 0.004701 0.004537 0.011223 0.002478 -0.007862 0.002828 0.002051 -0.025640 -0.002353 0.020831 0.021478 0.002760 0.009852 0.011676 -0.002673 -0.000137 -0.001768 0.023494 -0.000206 -0.003120 -0.003135 0.021821 0.017111 0.008187 -0.024351 -0.001069 -0.015384 -0.004002 0.002083 0.002745 -0.011452 -0.005894 -0.001735 -0.006429 0.019275 0.008562 -0.031103 0.008121 -0.011467 -0.000704 0.003341 0.022486 0.009294 -0.009828 -0.004814 0.004120 0.008729 -0.013783 -0.002203 -0.004755 -0.018329 0.022913 0.020849 0.003783 0.013358 0.008344 -0.013490 0.007528 -0.001906 -0.009105 -0.026650 0.002943 -0.020915 0.024236 -0.014213 0.008852 0.007217 -0.006456 0.002943 -0.003782 0.027868 -0.026542 -0.018761 0.006630 -0.011891 0.020707 -0.015910 -0.010771 -0.017885 0.007986 0.041089 -0.018105 -0.021108 0.017668 -0.022107 -0.010490 -0.000223 0.004179 -0.033825 0.003022 0.008765 0.003276 0.011392 -0.023514 -0.002303 0.011143 0.013783 0.024276 -0.009962 0.014157 -0.009705 -0.010644 0.017505 -0.007342 0.000376 
0.028369 0.021961 -0.019584 0.027526 0.006283 0.026964 -0.064588 0.039334 -0.041469 0.092203 0.030416 0.008187 0.051631 0.038931 0.000961 0.003327 0.015613 0.010731 0.034028 0.013519 -0.005643 -0.004282 -0.080475 -0.006575 0.090380 0.045762 -0.054401 -0.055186 -0.047844 -0.046718 0.012327 -0.001713 0.068253 0.019353 0.058345 0.106542 0.013211 0.075496 -0.036510 0.037879 -0.023945 -0.065635 -0.076473 -0.044459 0.023757 0.078088 0.044702 -0.044403 0.024216 -0.017600 0.050347 -0.077134 0.028767 -0.058108 -0.007569 -0.055051 0.035968 0.034236 0.006242 -0.058467 0.037827 -0.020085 -0.027224 -0.001164 0.068393 0.075719 -0.028147 0.062040 0.054608 -0.016450 -0.013629 -0.006784 -0.062686 -0.068727 -0.013864 0.080749 -0.003291 -0.004205 0.008242 -0.024871 -0.007951 0.061059 -0.068924 -0.109660 0.031287 -0.082136 0.016825 -0.025704 -0.075487 -0.019503 0.046211 0.119795 -0.000538 0.005597 -0.038751 -0.048331 -0.001545 -0.030338 0.030028 0.083173 -0.023937 -0.084576 -0.114470 0.018169 -0.017457 -0.029755 -0.012105 0.039502 -0.003223 0.044632 -0.079718 -0.045228 0.026876 0.050131 0.003457 0.056773 -0.069074 -0.017487 -0.015680 0.091746 0.033140 -0.043879 0.034593 -0.063123 0.018747 -0.013113 -0.031268 -0.030410 
-0.004666 -0.026969 0.031254 -0.018788 0.006663 -0.041138 0.047790 -0.008391 0.060283 -0.090202 -0.024916 -0.016517 -0.034930 -0.024456 0.000883 -0.012271 -0.035658 -0.014741 -0.025820 -0.014284 0.015983 -0.019534 0.062614 0.005605 -0.066844 -0.039063 0.035690 0.050721 0.023741 0.033602 -0.006088 0.006246 -0.039419 -0.032664 -0.036705 -0.100658 0.001800 -0.047137 0.014173 -0.023530 0.008947 0.047914 0.048146 0.037886 -0.008118 -0.056417 -0.035682 0.035994 -0.025343 -0.002495 -0.031282 0.062113 -0.016283 0.040451 0.012064 0.052405 -0.004132 -0.015383 -0.022324 0.039941 -0.016552 0.024894 0.051017 0.009123 -0.065104 -0.045546 0.053045 -0.062139 -0.069307 0.018727 0.018234 0.009121 0.049198 0.054888 0.012837 -0.049661 0.016566 0.002911 -0.000993 0.024293 0.021227 -0.033600 0.069748 0.073286 -0.050854 0.073761 -0.039330 0.032558 0.047785 -0.003123 -0.024204 -0.093121 0.014317 -0.007512 0.020465 0.057097 -0.007668 0.005500 -0.025987 -0.076668 0.031198 0.088609 0.077596 -0.038736 0.007617 0.037929 0.006708 -0.000891 -0.000424 -0.042489 0.034832 0.057257 -0.031736 -0.032806 -0.010256 -0.062185 0.069081 0.006155 -0.008624 -0.091881 -0.035924 0.048554 -0.035603 0.043586 -0.024696 -0.005956 0.045354 0.010455 
0.009610 0.005689 -0.005829 0.035327 0.083922 -0.067179 -0.070714 0.016011 0.023817 -0.101457 0.008276 -0.041847 -0.012379 0.001434 0.035338 -0.046280 0.025350 0.037897 0.063258 0.032648 0.040081 -0.011751 0.018239 0.003514 -0.007316 0.026154 0.008103 -0.045331 0.062754 0.007619 0.053471 -0.054214 0.013056 -0.056229 -0.007915 -0.002202 0.057198 0.007659 0.012457 0.031899 -0.005758 0.017576 0.024009 -0.105501 -0.018299 0.078984 0.045571 -0.001568 -0.015035 -0.036680 0.019100 -0.009634 -0.014845 -0.056599 0.011945 -0.105535 -0.015759 0.002231 -0.032180 -0.023902 -0.025152 -0.010766 0.014267 -0.025927 -0.053549 0.031129 0.043737 0.011985 -0.051027 0.011597 -0.032661 -0.022784 0.032616 -0.021054 0.028681 0.028471 -0.004734 0.044784 0.028779 0.017049 0.021677 0.020609 -0.007464 -0.069505 -0.001305 -0.061458 0.015308 0.024208 -0.035667 -0.057230 -0.010993 -0.089047 0.000385 -0.011791 -0.038142 0.011141 -0.016777 0.037759 -0.038145 -0.023425 0.002960 -0.000395 0.034879 0.047338 0.000272 0.038555 0.021753 -0.008306 -0.002212 -0.014082 -0.005069 0.012808 -0.051348 0.041451 -0.021055 0.047911 0.051640 0.020950 -0.011580 0.050662 0.019245 -0.034650 -0.046562 0.042313 0.004691 0.016742 0.039766 0.017812 
-0.028339 -0.040748 0.010282 -0.014047 -0.006014 -0.028318 0.053328 -0.023063 0.034394 -0.067811 -0.036649 -0.016446 -0.035136 -0.010596 -0.002145 -0.011514 0.005258 -0.011715 -0.038447 -0.008305 0.006241 -0.000901 0.072283 -0.006724 -0.054088 -0.026855 0.027122 0.058361 0.038920 0.036175 -0.030661 0.021707 -0.006212 -0.045512 -0.066060 -0.082927 0.008693 -0.026176 0.009573 -0.029208 0.038301 0.059039 0.050060 0.040476 -0.003516 -0.054588 -0.042307 0.028457 -0.006627 -0.012164 -0.025843 0.068100 -0.025927 0.022916 0.028953 0.036803 -0.021323 -0.007082 -0.003331 -0.000369 -0.022061 0.031458 0.064540 0.048987 -0.046282 -0.018252 0.011006 -0.083482 -0.057113 0.026672 0.007143 0.017116 0.049218 0.042947 0.036240 -0.036873 0.004770 -0.008339 0.005108 0.014353 0.034158 -0.049365 0.085989 0.052560 -0.042916 0.032648 -0.024443 0.006759 0.031532 0.011553 -0.029042 -0.068831 0.008302 0.030215 0.017580 0.031431 -0.003920 -0.007941 -0.013505 -0.092417 0.009396 0.089478 0.087681 -0.000941 -0.023117 0.038878 0.029568 -0.023373 -0.001592 -0.052026 0.045137 0.018992 -0.049640 -0.005734 -0.008085 -0.061823 0.035007 -0.008869 0.027746 -0.081319 -0.038141 0.032090 -0.027275 0.049052 -0.023072 -0.000481 0.034409 0.000967 
-0.000495 0.033225 -0.010684 0.031647 0.034230 -0.055047 -0.050938 0.028532 -0.015435 0.030242 0.027908 0.011427 0.015300 0.035348 0.009063 -0.012960 -0.018747 0.016655 0.025245 0.014662 0.034949 -0.028457 -0.067843 -0.013336 0.046588 0.064846 -0.007412 -0.067202 -0.037973 -0.008659 0.045801 -0.058719 0.017103 -0.012052 0.056531 0.057794 0.022256 0.044528 -0.038125 0.041436 -0.028399 -0.038117 -0.007129 -0.087517 0.000340 0.065597 0.051327 -0.040119 0.007778 0.005060 0.027604 -0.042380 -0.004595 -0.044878 -0.006003 -0.069691 0.029865 0.023849 -0.005092 -0.029618 0.019586 -0.020876 -0.028406 -0.013223 0.034102 0.051253 -0.026631 0.063712 0.018374 -0.019535 0.013859 -0.003260 -0.037690 -0.030821 -0.018606 0.048077 -0.017095 0.004624 0.027331 -0.016057 -0.025039 0.008706 -0.051626 -0.078666 0.037711 -0.068502 0.018395 0.003879 -0.066610 -0.058917 0.002511 0.051768 0.008467 0.003225 -0.021487 0.003421 -0.011039 0.005284 0.016563 0.078139 -0.009452 -0.073906 -0.059569 0.023961 0.040212 -0.018221 -0.015210 0.012312 -0.003535 0.026293 -0.046197 -0.001076 0.034772 0.034409 0.003297 0.058141 -0.013985 0.005405 -0.008054 0.092438 0.021379 -0.050235 0.011922 -0.025425 0.028431 -0.012934 -0.015583 0.015913 
0.024754 -0.027932 0.013384 0.053456 0.096567 -0.085102 -0.058083 -0.021735 0.063116 -0.160761 -0.002177 -0.062064 -0.045318 -0.013624 0.054003 -0.094306 0.048453 0.058131 0.052928 0.025046 0.041988 -0.018877 0.048139 0.005367 -0.053497 -0.018678 0.038437 0.028368 0.096236 0.039017 0.029525 -0.034208 0.026031 -0.037250 -0.070001 -0.095419 0.051798 -0.036500 0.026699 0.015667 0.014523 0.081480 0.044827 -0.087342 -0.007665 0.055085 0.013751 0.038841 -0.045072 -0.058500 0.020539 0.044753 -0.038217 -0.045972 0.029387 -0.086904 -0.035991 -0.011681 -0.061893 -0.024473 -0.023688 0.020785 0.076482 -0.028528 -0.079013 0.003816 0.093286 -0.047427 -0.111876 0.043068 -0.057944 -0.033844 0.070221 0.011175 0.074858 -0.024917 0.010345 0.071982 0.017233 0.060492 0.023498 -0.021595 0.016352 -0.019960 -0.055843 -0.020669 0.010899 0.049197 -0.009004 -0.010024 -0.052773 -0.160788 -0.016714 0.015253 -0.061639 0.054392 -0.014160 0.019921 -0.029709 -0.114409 0.007907 0.087262 0.124470 0.028822 -0.012100 0.086543 0.034679 -0.075311 0.018475 -0.065244 0.041256 -0.025461 -0.123067 0.009672 -0.023931 0.028224 0.091348 0.037747 -0.017093 -0.028935 0.021581 0.008027 -0.081104 0.133654 -0.032807 0.015446 0.036712 0.066406 
0.045808 -0.024202 0.020003 0.020988 0.065868 -0.069188 0.002763 -0.027286 0.071235 -0.145891 -0.057416 -0.053289 -0.040356 -0.036388 0.040769 -0.055237 0.006464 0.024538 0.020000 0.017485 0.027362 -0.002639 0.081418 0.017987 -0.063280 -0.049383 0.019367 0.058843 0.072104 0.018146 0.009074 -0.002631 -0.000092 -0.065415 -0.076218 -0.136301 0.024013 -0.069576 0.022193 -0.007519 0.013698 0.073508 0.028558 0.001447 -0.024381 -0.030625 -0.007719 0.066991 -0.033842 -0.047638 -0.013307 0.062969 -0.052504 -0.002603 0.023086 -0.016798 -0.022140 -0.006048 -0.062223 0.013504 -0.038881 0.048992 0.109957 0.006148 -0.124538 -0.017353 0.072623 -0.063001 -0.100227 0.060825 -0.019745 0.014716 0.090917 0.076674 0.045495 -0.061665 0.052079 0.043924 -0.004506 0.057178 0.030398 -0.010436 0.074299 0.042220 -0.063244 0.032674 -0.060294 0.043667 0.031984 -0.004836 -0.031125 -0.168617 0.028710 0.016278 -0.046288 0.073329 -0.043062 0.017514 -0.046511 -0.114852 0.026735 0.128091 0.136385 -0.025911 -0.021031 0.074327 0.021874 -0.032455 -0.002393 -0.071427 0.064064 0.023363 -0.115391 -0.004441 -0.024289 -0.034829 0.094455 0.002707 -0.030147 -0.087647 -0.003077 0.047436 -0.042082 0.085300 -0.012397 -0.005971 0.056625 0.021901 
0.001666 0.015878 -0.017669 -0.001535 0.015457 0.011109 -0.016403 0.034277 -0.029337 0.031885 0.016907 0.003397 0.022889 -0.000021 0.016560 0.007676 -0.007124 0.014815 0.013668 -0.004198 -0.002071 -0.008265 -0.027850 -0.016255 0.026718 0.005058 -0.024430 -0.027602 -0.034491 -0.031947 0.000847 0.003367 0.025962 0.014770 0.036757 0.047150 0.011196 0.028551 -0.005952 0.019205 -0.013029 -0.036995 -0.017465 0.005668 0.011187 0.025950 0.017260 -0.013821 0.000354 -0.005552 0.013116 -0.055126 0.011692 -0.025494 -0.016905 -0.021396 0.028460 0.017535 0.003191 -0.003016 0.011834 -0.015592 -0.024512 -0.001438 0.033849 0.015523 0.003798 0.040553 0.028852 -0.009555 -0.001350 0.016390 -0.036575 -0.035281 -0.006442 0.037575 0.000379 0.008070 0.011167 -0.032669 0.004083 0.017273 -0.025079 -0.018442 0.011911 -0.045546 0.004405 -0.016800 -0.020521 -0.014269 0.020118 0.060041 -0.003882 -0.004580 -0.009742 -0.027823 0.005337 -0.010609 0.012856 0.054110 -0.011390 -0.046937 -0.051549 -0.002202 0.012786 -0.020676 -0.002519 0.013427 0.007479 0.026529 -0.032122 -0.013667 0.026683 0.016182 -0.006199 0.019710 -0.025497 0.009672 -0.004890 0.049575 0.002715 -0.019696 0.003666 -0.040209 0.015310 -0.014083 -0.014963 -0.019165 
0.013231 -0.025419 0.017931 -0.025990 -0.037198 0.010313 0.058884 -0.004427 0.038940 -0.024017 -0.027333 -0.011115 -0.018105 -0.022207 -0.014261 0.000045 -0.038894 -0.028522 -0.029550 -0.029098 -0.008448 -0.006195 0.032954 -0.009126 -0.050856 -0.044565 -0.002671 0.069347 -0.002927 0.020914 -0.058017 0.043739 -0.017524 0.008785 -0.041710 -0.066310 -0.026413 -0.037447 0.007654 -0.002464 0.015519 0.022977 -0.000884 0.055265 -0.003651 -0.071245 -0.063717 0.026687 0.001581 0.025576 -0.011600 0.042337 -0.003859 0.030138 0.011462 0.079112 -0.004038 -0.023062 -0.024982 0.001584 -0.006134 0.024502 0.030147 0.027061 -0.026142 -0.048396 0.021609 -0.054685 -0.023349 0.027928 0.001444 0.019653 0.031098 0.028331 0.016562 -0.053892 0.021573 -0.015329 -0.020818 0.015066 0.018432 -0.017466 0.060207 0.075198 -0.047326 0.074068 -0.038120 0.007348 0.042645 0.055674 -0.024579 -0.032200 0.020657 0.014182 0.028315 0.043254 0.014985 -0.002338 0.020498 -0.066219 0.007523 0.072264 0.054444 -0.037799 -0.012297 0.025822 0.013166 0.015470 0.023525 -0.033765 0.027712 0.013765 -0.014871 -0.015826 -0.002972 -0.058991 0.014186 -0.019972 0.018726 -0.084666 -0.026187 0.059183 -0.009746 0.013621 -0.043043 0.006126 0.017466 -0.002131 
-0.003035 0.003604 -0.003764 -0.020214 0.014245 -0.007112 0.026409 -0.004464 0.003034 -0.060288 -0.036338 -0.003885 -0.012558 -0.031088 -0.005145 0.000543 0.018819 -0.022311 -0.003132 0.009820 -0.003291 0.031326 0.077764 0.018338 -0.037931 -0.024621 0.005435 0.012835 0.039053 0.011087 0.009039 0.014919 -0.029115 -0.034130 -0.034538 -0.039804 -0.007031 -0.039730 0.044342 -0.009084 0.002073 0.020209 0.025201 0.018453 -0.022305 -0.032793 -0.026998 0.038899 -0.024690 -0.009784 -0.022823 0.008809 -0.024968 0.036026 -0.011763 0.007051 -0.025078 -0.029090 -0.000059 0.014335 -0.019470 0.024172 0.013335 0.003697 -0.036895 -0.039404 0.029119 -0.027403 -0.028317 0.013874 -0.001732 0.032324 0.035915 0.042121 -0.005462 -0.024992 0.026984 -0.010238 0.001256 0.017898 -0.000955 -0.002488 0.061367 0.066900 -0.026731 0.050695 -0.020847 0.001642 0.043930 0.014218 0.011512 -0.064165 0.015451 0.004435 0.022397 0.026872 -0.014476 0.010252 -0.036899 -0.038926 -0.003294 0.069912 0.065979 -0.025874 0.007492 0.019179 0.034911 -0.020755 -0.023915 -0.028356 0.025396 0.016558 -0.036362 -0.014613 -0.011407 -0.039209 0.010581 -0.005394 0.005735 -0.042540 -0.013638 0.015530 -0.004137 0.007011 -0.015848 -0.007910 0.032931 -0.001139 
0.008407 0.020550 -0.010916 0.018395 0.063164 -0.019806 -0.019591 0.014315 0.015295 -0.067547 -0.019326 -0.019500 0.024214 -0.043961 0.055448 -0.015956 0.010893 0.033124 0.031004 0.002446 -0.000860 0.019290 0.040547 0.001936 0.002360 -0.030854 -0.002658 -0.012272 0.038270 -0.019467 0.031680 0.020091 -0.013579 -0.037377 -0.003034 -0.030447 0.015979 -0.008050 0.043456 0.009718 -0.028164 0.016083 -0.005698 -0.003188 -0.020339 0.007638 -0.009100 0.048039 -0.025909 -0.027836 0.008625 -0.047024 0.008244 -0.024244 0.000712 -0.028232 -0.006940 -0.009814 -0.027564 0.030373 -0.017103 -0.004816 0.020905 -0.009828 -0.045190 -0.009544 0.080725 0.015704 -0.017328 -0.011164 -0.015300 0.012019 0.029177 0.026736 0.004383 -0.010053 0.023185 0.022284 -0.007967 0.008225 0.028420 0.014665 0.009503 0.044265 -0.018723 -0.013489 -0.012101 0.004842 -0.006187 -0.019661 0.014484 -0.031060 0.009760 -0.046940 -0.001602 0.022088 -0.024105 0.006914 -0.026740 -0.013266 -0.005706 0.049437 0.003063 -0.046086 0.002243 0.038656 -0.004588 -0.016521 0.004491 -0.015731 0.007566 0.011029 -0.046417 0.037038 -0.040214 -0.018233 0.036841 0.025455 -0.022140 -0.029680 -0.012118 -0.001835 -0.040920 0.015574 0.018690 -0.004782 0.015784 -0.005341 
-0.007682 0.002874 0.002374 -0.010741 -0.024887 0.034664 0.030129 -0.015702 -0.019092 0.003030 -0.020277 0.027062 0.001302 0.000307 -0.004893 0.018822 0.016260 -0.032194 -0.019168 0.005957 -0.014239 0.028295 0.006352 0.000250 -0.004963 0.011803 0.003259 0.007937 0.011260 -0.003408 -0.010786 0.006997 -0.031540 -0.016404 -0.014456 -0.007090 -0.016724 -0.006713 0.003384 -0.016758 0.019024 0.014929 0.015297 0.026505 0.017033 -0.031574 -0.021704 0.004514 0.011312 0.022438 -0.036658 0.019696 -0.012569 0.017306 -0.020949 0.034174 -0.019887 -0.014716 0.017308 -0.005610 0.007119 -0.012625 -0.002303 0.009785 0.006781 -0.016568 -0.036035 -0.019524 0.000448 0.004637 0.006424 0.013760 -0.008145 0.028246 -0.023744 -0.015027 0.001255 -0.025962 0.006797 -0.007837 -0.011162 -0.004231 0.024434 0.009977 0.006978 0.024596 0.016705 -0.024677 0.035960 0.021545 0.000956 -0.025336 -0.003416 0.026088 0.013491 -0.006302 -0.008233 -0.001682 -0.020696 -0.001316 0.001415 0.016646 0.029021 0.016267 0.005213 -0.002274 0.015054 -0.001991 -0.022232 0.001045 0.015790 0.017724 0.017094 -0.032485 0.005169 -0.020212 -0.019935 -0.007608 0.031400 -0.014204 0.011757 0.003360 0.010700 -0.026227 -0.005849 -0.012344 -0.010999 0.012795 
-0.016881 0.023389 -0.006413 -0.013329 -0.126434 0.107339 0.040671 0.025081 -0.070855 0.215480 0.046518 0.060033 0.040461 0.039948 -0.055449 0.072437 -0.069243 -0.028328 -0.048374 -0.034143 -0.047232 -0.000591 -0.128134 -0.014741 0.067374 0.040733 -0.020036 -0.046472 -0.143635 -0.023931 -0.020913 0.024896 -0.020626 0.113515 0.087042 0.118655 -0.061244 0.028136 -0.041155 -0.012205 -0.024268 -0.105725 -0.078934 0.052558 0.019805 -0.010011 -0.000937 -0.032786 0.029196 0.080419 0.033392 -0.048230 0.055227 0.029976 -0.038712 0.050856 0.029796 -0.011998 0.057035 0.007079 0.029155 -0.020654 -0.120723 -0.002944 0.123381 0.008035 -0.090880 0.077783 0.144909 -0.061911 0.043605 -0.001003 -0.091363 -0.047881 -0.096223 0.019869 -0.032100 -0.060545 -0.035699 -0.038184 -0.037661 0.018604 -0.093666 -0.007902 0.091748 0.001120 0.020825 -0.040160 -0.018716 0.015524 0.018136 0.191085 -0.004175 -0.026724 0.042444 -0.067889 0.010707 -0.023820 0.068821 0.163431 -0.017815 -0.130640 -0.140445 -0.007781 0.034575 -0.076421 -0.054325 0.053423 0.024973 0.094646 -0.047768 -0.018503 0.153389 -0.008180 0.063978 0.019006 -0.093694 0.005550 0.022912 0.047703 -0.000583 -0.019114 0.064474 -0.101612 0.027086 -0.001539 -0.078264 -0.052546 
-0.002001 0.004289 -0.012533 0.032510 0.011228 -0.002568 -0.049771 0.009823 -0.016202 0.047262 0.034100 -0.008378 0.032048 0.062338 0.009710 -0.027751 0.009399 0.046095 0.045619 0.007904 0.003058 -0.035004 -0.063390 -0.021029 0.072829 0.052066 -0.020267 -0.050850 -0.028217 -0.044334 0.020806 -0.026543 0.037579 0.031339 0.025140 0.051492 0.000397 0.043233 -0.040831 0.030958 0.000078 -0.021157 -0.045731 -0.051010 0.032062 0.081364 0.045146 -0.033455 -0.002597 -0.021148 0.037625 -0.029652 0.016805 -0.050915 0.010904 -0.085405 0.012321 0.031008 -0.000586 -0.047324 0.000076 0.000335 -0.014566 -0.025987 0.037085 0.054740 -0.025391 0.027861 0.030650 -0.004161 -0.040162 -0.042315 -0.026932 -0.041390 -0.012914 0.059924 -0.010391 0.019937 0.021351 0.012475 0.002892 0.047615 -0.054357 -0.117018 0.059658 -0.074506 0.034568 -0.016253 -0.082436 -0.019681 -0.013908 0.049073 -0.018864 0.035108 -0.050851 -0.028495 -0.020715 0.002333 0.009496 0.047220 0.007220 -0.049715 -0.046632 0.065048 -0.012300 -0.017601 -0.017011 0.002287 0.009215 0.028367 -0.023535 -0.044398 0.001183 0.033881 0.002183 0.079323 -0.030560 0.017622 -0.004158 0.073513 0.034070 -0.035693 0.000309 0.003591 -0.000372 -0.000269 -0.039195 0.011901 
0.006048 0.008696 -0.005677 -0.011199 -0.018108 0.062384 0.032990 -0.016422 0.018288 -0.004872 -0.012041 0.018480 0.005055 -0.042699 -0.000394 0.000991 -0.010749 -0.010480 -0.003011 -0.007755 -0.011631 0.002859 0.012149 0.016911 -0.028675 -0.058435 -0.003216 0.027104 0.001288 0.010362 -0.020176 0.058520 -0.018537 0.034265 -0.009961 -0.006776 -0.027996 -0.029812 0.034284 -0.035383 -0.005386 -0.003659 -0.041502 0.055132 0.012778 -0.024570 -0.031591 0.034720 -0.033093 0.002823 -0.008300 -0.020327 0.026898 0.033876 -0.032008 0.037757 -0.024770 -0.042736 0.016867 0.035606 -0.007841 -0.001966 -0.033140 -0.003886 -0.007415 -0.050805 0.051884 0.006876 0.027993 0.015044 -0.005822 0.000165 0.007665 0.011630 -0.017798 -0.028028 0.018324 -0.002487 -0.018006 0.025245 0.000161 0.017060 0.016780 0.058591 -0.020550 0.033210 0.004544 0.004369 0.053568 0.036158 0.028035 0.004763 0.000532 -0.051063 0.010117 -0.013546 -0.019360 0.015529 0.006158 -0.012007 0.009786 0.025664 -0.001663 -0.058166 -0.005334 -0.009914 0.005044 -0.002330 -0.002465 -0.015981 0.019418 -0.039569 0.028114 -0.023735 0.018475 -0.030529 0.004953 0.011625 -0.026396 -0.048814 -0.004916 0.036400 0.000785 0.003501 0.010805 0.011085 0.010927 -0.022453 
-0.074212 0.078597 -0.047097 -0.040247 -0.063740 0.086422 0.025516 0.052424 -0.107262 0.146394 0.040048 0.098767 0.041714 -0.007169 -0.025813 0.081122 -0.032442 -0.042489 -0.049499 -0.004196 -0.042479 0.044540 -0.050570 0.010844 0.051678 0.051039 -0.042334 -0.084533 -0.090309 -0.032631 0.035771 -0.001497 -0.059721 0.036042 0.110507 0.145380 -0.054908 0.024889 0.020462 -0.003851 -0.029134 -0.098936 -0.027976 0.030553 0.005431 0.007749 -0.016466 -0.014795 0.028362 0.076725 -0.006733 -0.107289 0.043933 0.052274 -0.081928 0.029315 0.028040 -0.029680 0.107877 0.038557 0.038771 -0.054501 -0.144358 -0.021539 0.114122 -0.015862 -0.060275 0.109559 0.132696 -0.075477 0.042427 0.028492 -0.099603 -0.039080 -0.106830 0.056887 -0.018744 -0.077561 0.002538 -0.077924 -0.047827 0.015054 -0.051147 0.032213 0.096718 -0.000459 0.076673 -0.050420 0.013950 -0.015700 0.091049 0.162038 -0.011531 -0.059791 0.054448 -0.073373 0.028295 -0.013782 0.024122 0.193909 -0.024687 -0.107002 -0.142437 -0.025092 0.062350 -0.102896 -0.031452 0.037900 -0.035525 0.088034 -0.048732 -0.027287 0.153922 -0.022884 0.007841 0.019596 -0.117760 0.002659 0.027606 0.091262 -0.025520 -0.068742 0.057486 -0.129903 0.050760 -0.013022 -0.059408 -0.049499 
0.003736 -0.014902 0.009777 0.010157 -0.037053 0.020857 -0.011214 -0.004142 -0.018221 0.074864 0.029224 -0.016342 0.013936 0.054320 -0.020138 -0.004182 -0.024549 0.027910 0.000124 -0.005039 -0.017165 -0.024051 -0.055378 -0.012203 0.034457 0.021132 -0.008477 -0.022079 -0.054984 -0.023137 -0.021002 0.003849 0.024379 0.054673 0.005242 0.023430 0.002083 0.022186 -0.039260 0.007928 -0.001724 -0.011662 -0.027231 -0.004629 0.019044 0.023256 0.027852 -0.036319 -0.001881 0.009418 0.043185 0.003861 0.013046 -0.027422 0.020558 -0.037148 0.027819 0.020215 -0.018031 -0.026467 0.000314 0.002971 -0.002294 0.003885 0.020380 0.034633 -0.050494 0.000832 0.047116 -0.013128 0.000990 -0.030509 -0.018376 -0.017166 -0.025417 0.013693 -0.018624 0.006073 -0.012038 0.013133 0.017040 0.023641 -0.044459 -0.065908 0.046934 -0.025828 -0.020581 -0.008828 -0.081302 0.010788 -0.033278 0.087211 -0.016080 0.027952 -0.022845 -0.019532 -0.010019 -0.007979 0.007918 0.031411 0.005485 -0.047161 -0.039487 0.042540 -0.004243 -0.008005 -0.026097 0.020474 0.035522 0.041946 0.007770 -0.018212 0.019806 0.019102 0.019221 0.047643 -0.001107 0.034605 0.016132 0.027746 0.015834 -0.013472 0.001371 0.004540 -0.002959 -0.010706 -0.074693 0.012387 
0.027189 -0.002213 -0.009495 0.045424 0.061943 -0.032840 -0.055946 0.000266 0.019751 -0.070124 -0.008082 -0.039356 -0.000104 -0.005160 0.041609 -0.054955 0.043676 0.059046 0.064057 0.027676 0.030479 -0.012123 0.005371 -0.002908 -0.007434 -0.002547 0.015839 -0.015376 0.055425 -0.001790 0.044212 -0.020461 -0.002876 -0.043404 -0.036125 -0.037493 0.027841 -0.009346 0.007526 0.019344 -0.015644 0.031390 -0.002673 -0.059455 -0.008225 0.048487 0.022467 0.033141 -0.029235 -0.051141 0.025971 0.011098 0.000715 -0.044639 0.012800 -0.067648 -0.030019 -0.010672 -0.032465 -0.014440 -0.002574 0.020612 0.033135 -0.023327 -0.055829 0.022105 0.051167 0.015826 -0.054168 0.022790 -0.043244 -0.036652 0.045343 0.025987 0.036909 -0.013147 0.005842 0.051240 0.024606 0.037174 0.010725 0.011013 -0.007547 -0.035083 -0.011660 -0.030203 0.010559 0.015645 -0.014985 -0.025624 -0.023443 -0.082190 -0.002763 -0.003740 -0.055193 0.009071 -0.044710 0.007528 -0.033468 -0.046617 0.018484 0.044806 0.044549 0.019445 -0.014918 0.073843 0.012571 -0.025461 0.009319 -0.018445 0.010828 0.005369 -0.078048 0.027766 -0.014877 0.049419 0.039989 0.026163 -0.031156 -0.012408 0.020139 -0.010208 -0.039538 0.047363 -0.003275 0.016730 0.016260 0.007048 
0.020532 0.004587 -0.001725 0.042038 0.084315 -0.050834 -0.074669 0.006150 0.028635 -0.096355 0.021031 -0.048246 -0.012443 -0.018193 0.041280 -0.040765 0.035934 0.064402 0.047059 0.023496 0.032560 -0.002263 0.004375 0.004323 -0.006774 -0.005650 0.034403 -0.001663 0.071187 0.017904 0.049184 -0.038176 0.023277 -0.034235 -0.008760 -0.026842 0.043589 -0.007529 0.013909 0.042302 -0.017830 0.029725 0.040839 -0.061179 -0.009515 0.060267 0.038092 0.012071 -0.043228 -0.065176 0.004096 0.001644 -0.021195 -0.030778 0.016858 -0.097776 -0.001270 0.013013 -0.019892 0.013924 0.005260 0.000443 0.040955 -0.034991 -0.045611 0.019666 0.066552 0.017371 -0.062566 -0.002745 -0.023427 -0.012161 0.031210 -0.025107 0.064065 0.023266 -0.019273 0.061018 0.001053 -0.000890 0.007649 -0.003362 -0.032905 -0.041300 -0.004384 -0.055662 0.014951 0.021481 -0.020835 -0.029971 -0.008809 -0.085498 -0.014479 -0.009271 -0.043036 0.016490 -0.025203 0.005875 -0.029330 -0.046151 -0.005063 0.000612 0.023152 0.032698 -0.012995 0.043419 -0.001319 -0.037691 0.007873 -0.023735 0.002376 0.016929 -0.082442 0.020889 -0.016842 0.027362 0.048105 0.026994 -0.051213 0.021212 0.014988 -0.027425 -0.063464 0.065141 0.014779 0.013434 0.051074 0.012810 
0.054063 -0.022470 0.002763 0.071077 0.122901 -0.105172 -0.132288 0.004221 0.049001 -0.109114 0.012142 -0.081080 0.018209 0.021288 0.066929 -0.099617 0.048113 0.087512 0.096604 0.040537 0.058805 -0.044589 -0.006247 -0.012106 0.031436 0.031730 0.009777 -0.010280 0.068019 -0.013511 0.047987 -0.055860 0.072755 -0.046726 -0.035812 -0.027146 0.058225 0.015203 -0.031956 0.062625 -0.016657 0.044872 -0.001822 -0.112085 0.007242 0.113801 0.082254 -0.005562 -0.019402 -0.098352 0.047533 -0.012972 -0.017032 -0.107250 0.047754 -0.144453 0.012986 0.056916 -0.085242 -0.073373 -0.007015 0.032588 0.095615 -0.043507 -0.057028 0.085133 0.070147 0.011819 -0.096016 0.033307 -0.062037 -0.049190 0.062984 -0.005014 0.074583 0.036951 0.001774 0.091848 0.025512 0.056817 0.026704 0.038497 -0.032916 -0.142113 -0.008213 -0.126908 -0.011508 0.031806 -0.118687 -0.059317 -0.043925 -0.086010 -0.015999 0.024802 -0.095657 0.035233 -0.048255 0.007159 -0.020004 -0.061376 0.010544 0.018193 0.034988 0.056428 -0.045221 0.078985 0.003011 -0.039794 0.022519 -0.039025 -0.000742 0.002474 -0.134514 0.059134 -0.028711 0.090819 0.069613 0.028052 -0.057498 0.053850 0.056364 -0.031749 -0.063049 0.090474 -0.009983 -0.002185 0.015763 0.053731 
-0.031083 -0.002303 0.008154 -0.066670 -0.095361 0.075722 0.126190 -0.010454 0.014896 0.038037 -0.018461 0.057873 -0.032465 -0.050234 -0.058323 0.077459 -0.070986 -0.098894 -0.102286 -0.038900 -0.016070 0.008265 0.014670 0.007178 -0.059329 -0.066749 0.014232 0.085088 -0.042097 0.044975 -0.049909 0.061176 -0.055772 0.018456 0.011814 -0.029600 -0.072497 -0.050219 0.028165 -0.063551 0.018433 -0.021236 0.001580 0.125069 -0.020396 -0.126968 -0.080747 0.033837 0.013396 0.074748 -0.054242 0.032372 0.019537 0.099079 -0.026874 0.167312 -0.016054 -0.042049 0.044709 0.071908 0.011237 -0.005947 -0.046433 0.029750 0.018247 -0.090713 -0.004502 -0.027343 0.024182 -0.010621 0.062872 0.049354 -0.006381 0.043101 -0.027584 -0.072366 -0.012742 -0.077940 -0.027853 -0.027102 -0.031062 -0.063904 0.058024 0.165620 -0.033401 0.129341 -0.011521 0.002509 0.150209 0.052564 0.024834 0.013404 0.019745 -0.036584 0.092997 0.018121 0.032146 -0.006484 0.034141 0.004250 -0.005857 0.028239 0.016577 -0.107554 0.028305 -0.033295 0.001322 0.015692 -0.003549 0.003231 0.002805 0.019258 0.078048 -0.084020 0.049102 -0.115679 -0.023189 -0.036474 0.018010 -0.105001 -0.054484 0.064663 0.040755 -0.024946 -0.003356 0.005820 0.032196 -0.031471 
0.032686 -0.036609 0.022802 0.000628 0.007176 0.009416 0.044218 0.003089 0.037244 -0.050063 -0.046164 -0.027498 0.004632 -0.038310 0.007331 -0.013528 0.002675 -0.002707 0.002632 -0.009899 0.010829 0.017815 0.036332 -0.004591 -0.048955 -0.079407 -0.010416 0.051773 0.035195 0.013400 -0.036064 0.078123 0.012381 -0.009500 -0.057026 -0.076412 0.008596 -0.017425 0.022521 -0.001651 0.007869 0.035098 -0.014180 0.061057 -0.020152 -0.059612 -0.042350 0.043315 -0.024647 -0.026320 -0.005552 0.013386 -0.003135 0.004251 0.036731 0.031537 -0.019306 -0.001769 -0.040451 0.015362 -0.022831 0.007713 0.049959 0.035518 -0.058568 -0.034198 0.066416 -0.049547 -0.049344 0.040146 -0.017324 0.004190 0.043307 0.042471 0.030240 -0.054313 0.024418 0.019981 -0.025956 0.022051 0.039716 -0.010837 0.040915 0.080470 -0.070813 0.037286 -0.039586 0.036488 0.045288 0.032458 0.000771 -0.049155 0.017902 -0.025109 0.017402 0.020425 -0.011064 0.011262 -0.008441 -0.096514 -0.001548 0.079260 0.051823 -0.054238 -0.030385 0.060027 0.017796 -0.001098 0.034470 -0.036323 0.017945 -0.001282 -0.067783 0.026137 -0.008308 -0.053988 0.035101 -0.014579 -0.009162 -0.094191 -0.020215 0.046878 -0.038038 0.023346 -0.011166 0.010719 0.025275 -0.023892 
0.022224 -0.004994 -0.022451 0.017639 -0.021941 0.037994 -0.053633 0.031751 -0.029501 0.133485 0.050936 -0.008278 0.034444 0.064845 -0.016474 -0.001245 0.022106 0.040372 0.031336 0.014125 -0.020315 0.004839 -0.105422 0.000099 0.088123 0.055342 -0.030689 -0.069334 -0.065807 -0.046527 -0.010664 -0.018514 0.060004 0.065699 0.057202 0.098702 0.014767 0.070589 -0.054542 0.041926 -0.004278 -0.029774 -0.072071 -0.043532 0.033262 0.082915 0.068433 -0.065477 0.006740 -0.014994 0.073091 -0.058639 0.022688 -0.058947 0.003009 -0.093864 0.052770 0.033546 -0.011391 -0.053641 0.034953 -0.011635 -0.029032 0.003714 0.079229 0.079513 -0.059488 0.066750 0.060401 -0.025865 -0.033339 -0.036124 -0.066442 -0.082757 -0.008394 0.086372 -0.039993 0.013255 -0.000729 -0.026967 0.013028 0.045578 -0.106894 -0.149976 0.073898 -0.112737 0.017669 -0.026891 -0.112099 -0.017743 0.011333 0.137577 -0.036740 0.003810 -0.035492 -0.070271 0.010855 -0.022385 0.035557 0.072738 -0.015687 -0.135696 -0.101657 0.064840 -0.035490 -0.021318 -0.031467 0.027171 0.033685 0.054923 -0.049231 -0.047197 0.035445 0.062508 0.042258 0.106125 -0.060014 0.015594 0.000978 0.121426 0.042226 -0.077039 0.006811 -0.051292 0.023225 0.008778 -0.073658 -0.014633 
-0.046310 0.044063 -0.019259 -0.065099 -0.128964 0.149535 0.086441 0.016207 -0.083153 0.168339 0.016194 0.101904 0.035546 -0.017152 -0.060466 0.104990 -0.039871 -0.093239 -0.068707 -0.037464 -0.054003 0.065171 -0.059318 0.021148 0.031191 0.009929 -0.042309 -0.028155 -0.089838 -0.020158 -0.031649 0.057490 -0.041370 0.064675 0.077010 0.105732 -0.073138 0.005676 0.023321 -0.039363 -0.025981 -0.085225 -0.057490 0.099256 0.005764 -0.060122 -0.047551 -0.009644 0.030078 0.098060 -0.027495 -0.071336 0.050513 0.067670 -0.065680 0.122344 0.012916 -0.036645 0.088937 0.049296 0.033833 -0.059864 -0.134072 0.012158 0.116903 -0.056183 -0.061616 0.062497 0.134281 -0.055415 0.055627 0.041904 -0.099010 -0.031925 -0.089854 -0.004735 -0.017932 -0.098496 -0.032560 -0.072841 -0.034149 0.004202 -0.037107 0.082296 0.066087 0.052096 0.057450 -0.055176 0.074893 0.053218 0.069210 0.161320 0.005264 -0.053950 0.080392 -0.085960 0.048480 -0.036807 0.030525 0.121105 -0.022340 -0.086534 -0.127121 -0.043721 0.037671 -0.092694 -0.018930 0.054796 -0.010023 0.080159 -0.038024 -0.003732 0.170058 -0.051907 0.037562 -0.042666 -0.121727 -0.024708 0.041679 0.020206 -0.021046 -0.016380 0.076339 -0.126085 0.026361 0.003785 -0.051998 -0.055135 
-0.015955 0.000924 -0.003058 -0.035702 -0.043437 0.038172 0.049610 0.007774 -0.027095 0.056501 -0.013799 0.025811 0.013053 -0.001099 -0.007672 0.062741 -0.023252 -0.044371 -0.035279 -0.020987 -0.026964 0.013152 0.011312 -0.007851 0.005749 -0.003725 -0.022751 0.020018 -0.046205 -0.026555 -0.041755 0.024883 -0.018726 -0.013195 0.007081 0.025994 -0.031470 0.013553 -0.004622 -0.019616 0.017236 -0.023191 -0.002814 0.074441 -0.002604 -0.046407 -0.032931 0.014165 0.037803 0.032078 -0.032603 -0.010722 -0.006030 0.017945 -0.024591 0.083661 0.010889 -0.005652 0.028382 0.011703 0.012102 -0.009070 -0.018258 0.027031 0.027096 -0.015252 -0.041427 -0.016035 0.039527 -0.008974 0.031580 0.044955 -0.017314 0.013131 -0.039199 -0.010062 0.010409 -0.050080 0.008002 -0.026368 -0.011135 -0.009644 0.035692 0.055108 0.007769 0.034836 -0.004265 -0.027851 0.018661 0.024634 0.035587 0.062854 -0.000734 0.012458 0.029878 0.000646 0.023849 -0.013737 0.011926 0.026328 0.003745 -0.005007 -0.023579 -0.024451 0.010611 -0.036061 -0.011425 0.024582 -0.005069 0.022522 -0.009343 0.027785 0.049326 -0.032200 -0.025899 -0.043703 -0.045578 -0.028495 0.022382 -0.012773 -0.012760 0.012772 0.038708 -0.059065 -0.000473 -0.034792 -0.027032 -0.021687 
0.027036 0.029962 -0.012833 -0.014256 -0.062856 0.066220 0.000472 0.035339 -0.051025 0.156810 0.029771 0.034679 0.055485 0.037964 -0.030767 0.056839 -0.030242 -0.025974 0.011720 0.002866 -0.040798 -0.001522 -0.086238 -0.014922 0.085954 0.025945 -0.053928 -0.040575 -0.098807 -0.042612 -0.004885 0.013021 0.034460 0.047211 0.062395 0.112867 -0.024977 0.052567 -0.049412 0.022587 -0.008621 -0.067863 -0.088454 0.022499 0.017366 0.015675 0.018618 -0.046800 0.055544 0.025851 0.025538 -0.056828 0.021027 -0.038771 -0.015954 0.021563 0.044140 0.029275 0.011227 -0.044017 0.036558 -0.015577 -0.055323 0.017474 0.083571 0.042366 -0.063155 0.052441 0.081041 -0.026123 0.008087 0.011332 -0.074552 -0.058007 -0.047451 0.052161 0.000130 -0.035466 -0.000445 -0.033738 -0.022963 0.047896 -0.059067 -0.072245 0.053892 -0.045529 0.010299 -0.038910 -0.057160 0.007157 0.037907 0.169917 0.009199 0.005806 0.002986 -0.054053 0.014216 -0.030454 0.053319 0.106472 -0.010937 -0.101662 -0.116154 -0.001590 0.005203 -0.068538 -0.029623 0.048624 0.001471 0.065301 -0.069526 -0.033732 0.079465 0.023579 0.017369 0.034294 -0.099339 -0.031427 0.001992 0.067617 0.022260 -0.028875 0.075016 -0.109764 0.026880 -0.015533 -0.066214 -0.032554 
0.000074 -0.023811 0.005157 -0.022503 -0.032236 0.012781 0.032310 -0.003341 0.001183 0.016687 0.006526 0.008713 -0.031495 0.001123 -0.027596 0.013359 -0.022268 -0.024313 -0.022789 -0.004490 -0.014619 -0.003695 0.017041 -0.006137 -0.030869 0.003503 0.025734 -0.007873 -0.016974 0.016573 -0.022143 -0.012280 -0.014488 0.013795 -0.017138 0.000843 -0.004111 -0.013407 -0.002282 -0.016799 0.018003 0.016501 0.021233 -0.004958 -0.006611 -0.016807 -0.003852 -0.019595 0.019483 0.027057 0.002061 0.021857 -0.004210 0.021336 0.011686 0.034285 0.003625 -0.018570 -0.003417 0.014708 -0.010444 0.010560 -0.031287 0.015859 -0.004604 -0.019073 -0.036266 -0.003231 0.025165 0.008238 0.012529 0.004410 -0.007393 0.002391 -0.009117 -0.009436 -0.027188 -0.020360 -0.003231 0.001250 0.006729 -0.018920 0.009338 0.005694 0.003452 0.010585 -0.018641 0.006892 0.022554 0.011029 0.002901 -0.003056 0.003246 0.010975 0.030885 -0.009502 0.022644 0.007267 0.002358 0.000741 0.011055 -0.039013 0.012700 0.001333 0.008973 -0.016930 0.003796 0.014631 0.002489 -0.001781 0.006222 0.020042 0.033839 -0.009132 0.017932 -0.001922 0.007369 -0.001177 0.030390 0.003708 -0.020408 0.005328 0.008466 -0.010769 -0.019605 0.017444 -0.004885 0.002908 
0.027424 -0.054979 0.032567 -0.036366 -0.050216 0.034723 0.058707 -0.045512 0.056396 -0.023634 -0.028915 -0.006264 -0.029823 -0.015750 -0.036635 -0.017700 -0.016902 -0.046059 -0.030765 -0.020071 -0.022962 -0.008176 0.050754 0.004538 -0.055840 -0.060601 0.007279 0.081803 0.023057 0.032214 -0.067984 0.059813 -0.015892 0.022359 -0.059804 -0.072900 -0.011337 -0.037026 0.022708 -0.052462 0.038495 0.040372 -0.003398 0.050453 0.000402 -0.061470 -0.045419 0.027477 0.024960 0.029026 -0.013181 0.065539 -0.000317 0.020880 0.015888 0.099611 -0.043390 -0.029701 -0.029582 -0.002502 -0.046248 0.023060 0.024345 0.030057 -0.040788 -0.046308 0.026227 -0.072058 -0.035119 0.043811 -0.002474 -0.019678 0.043107 0.057967 0.008227 -0.081976 0.015811 -0.013055 -0.010569 0.040057 0.008740 -0.026827 0.063027 0.072731 -0.063880 0.070418 -0.047271 0.024442 0.054101 0.060271 -0.022173 -0.054451 0.015961 0.016929 0.013447 0.020601 0.011135 0.008140 0.015296 -0.100516 0.025699 0.065787 0.080925 -0.023056 -0.014024 0.006996 0.020939 -0.001804 0.021561 -0.046809 0.034882 -0.012019 -0.018556 -0.039528 0.021721 -0.058400 0.036767 -0.016504 0.021868 -0.106680 -0.011663 0.077550 0.011578 0.055416 -0.043790 0.018635 0.017481 0.006419 
-0.013077 0.008499 0.019053 -0.019120 -0.029642 -0.007547 0.022876 -0.010250 -0.005420 0.016570 0.000469 0.010915 -0.009847 0.009313 -0.010374 0.017031 -0.030480 -0.026956 -0.021776 -0.010476 -0.012624 -0.015196 -0.015563 -0.019238 0.000662 -0.015465 0.009092 0.004866 -0.020398 0.015456 -0.000679 0.016070 -0.013166 0.005969 0.029116 0.009667 0.006303 -0.002240 -0.006739 -0.008989 -0.004285 -0.021799 0.009425 0.012896 -0.010756 -0.023456 -0.000077 -0.011787 0.018427 0.029794 -0.005812 0.005699 -0.000214 0.014348 0.000673 0.049532 0.008753 0.005754 0.015125 0.007310 -0.006525 -0.005757 -0.012341 0.004162 0.011140 -0.013645 -0.019199 0.003378 0.015525 -0.014814 0.038480 0.019159 -0.011514 0.015021 -0.028653 -0.011490 -0.009283 -0.021886 -0.006974 -0.015718 -0.014807 -0.019087 0.016035 0.033554 -0.006424 0.028572 -0.014469 -0.004972 0.005825 0.016579 -0.009620 0.025064 0.015612 0.003792 0.017012 0.005838 0.021105 -0.010857 0.007731 0.013421 0.000412 -0.002938 -0.006404 -0.009965 0.022130 -0.023333 -0.012208 0.005760 0.002509 0.010951 -0.017987 0.003881 0.037462 -0.026009 0.008179 -0.014696 -0.008240 -0.006670 0.011501 -0.008960 -0.013664 0.015139 0.027286 -0.007763 -0.003361 -0.011449 -0.001182 -0.002248 
0.003954 0.001592 0.002136 0.032931 0.034906 -0.031276 -0.014959 0.003119 0.012829 -0.039165 0.004416 -0.009962 -0.002391 -0.017092 0.019681 -0.035710 -0.000752 0.039422 0.022922 -0.005672 0.020028 -0.029408 -0.003703 -0.010623 -0.010052 -0.022149 0.013620 0.011181 0.012684 0.009762 0.006017 0.010880 0.002498 0.009638 -0.019012 -0.029817 0.009426 -0.008491 -0.006520 0.018988 0.008361 0.030646 0.003008 -0.011165 0.009297 0.009623 0.004287 0.016943 -0.022755 -0.020570 0.012234 0.009108 0.000509 -0.011040 0.006324 -0.037191 -0.003493 0.000246 -0.023454 -0.001719 -0.004262 0.011475 0.025220 -0.018101 -0.033958 -0.001927 0.047852 -0.011719 -0.035861 0.004444 -0.010525 -0.015698 0.017605 0.008971 0.030045 -0.017559 0.002162 0.042646 -0.010491 0.027329 0.013296 0.000709 -0.019054 0.008077 -0.012637 -0.006859 0.006688 0.031311 -0.010337 -0.013425 -0.026783 -0.024585 -0.016662 -0.023912 -0.011871 0.019690 -0.010386 0.005986 0.011029 -0.018478 0.001100 0.026754 0.014063 -0.008977 -0.011286 0.037290 -0.008892 -0.027443 0.027223 -0.020412 0.011896 -0.016790 -0.030114 0.013141 -0.000444 0.013978 0.028425 0.017720 -0.034823 -0.016521 0.007217 0.007213 -0.042096 0.036240 -0.003292 0.011442 0.009659 0.012382 
-0.022675 0.012621 -0.030064 0.013392 0.030409 0.023112 -0.042311 -0.009163 -0.005260 -0.044627 0.002278 0.001267 0.004915 0.001420 0.005952 -0.036702 0.046236 -0.006561 0.022868 0.036978 0.011413 0.038036 -0.000140 0.025210 -0.023517 0.029976 -0.008258 -0.020808 0.036874 0.009245 0.016258 -0.007854 -0.010681 -0.016441 0.012199 0.018275 0.018686 -0.013136 0.023663 -0.012859 0.011996 -0.002389 0.000077 -0.052927 0.024918 0.055067 0.005071 0.011725 -0.025224 -0.013229 0.000643 -0.042693 -0.001551 0.002245 -0.036198 -0.050305 -0.038251 -0.023372 0.020216 -0.020363 0.000611 -0.019616 -0.020984 -0.026871 0.013746 0.006820 0.026258 0.011952 -0.005027 0.007644 -0.048504 -0.013133 -0.003045 -0.030530 -0.002044 0.017597 -0.001806 0.006501 0.033434 -0.001380 0.012621 0.034579 0.010615 -0.023239 -0.006200 -0.013168 0.060565 -0.020254 0.037973 0.019129 0.029573 -0.035575 -0.031081 -0.022595 -0.034668 -0.032909 0.009196 0.012428 -0.022444 -0.009375 0.002806 0.020031 0.004365 0.039042 0.007258 -0.000106 0.038382 -0.016768 -0.034347 -0.005428 0.010905 -0.033175 0.001643 -0.000860 -0.009035 0.032702 -0.021474 0.013854 0.010269 0.017208 0.028398 -0.027816 -0.011396 0.014443 -0.007749 0.021313 0.008750 0.019323 
0.035700 -0.013037 0.019352 0.004137 -0.040931 0.024229 -0.007022 0.001414 -0.003177 0.082490 0.032449 -0.000657 0.020193 0.040361 -0.030667 -0.004106 -0.033403 -0.008456 0.011109 -0.015457 -0.018177 -0.005053 -0.061208 -0.014546 0.051078 -0.002130 -0.031053 -0.005383 -0.038881 -0.011775 -0.027680 0.028211 0.067340 0.054084 0.010738 0.033916 0.000271 0.039997 -0.037929 0.021843 0.003673 -0.042986 -0.068105 0.011053 0.016763 0.022122 0.026746 -0.052594 0.014395 0.000780 0.030932 -0.017876 0.010100 -0.023117 0.020570 0.003446 0.021582 0.029113 -0.015857 -0.034575 0.011973 -0.016594 -0.014764 0.007569 0.036674 0.040748 -0.022858 0.009541 0.035524 -0.012442 0.003520 -0.031236 -0.006586 -0.043662 -0.006823 0.016194 -0.010122 -0.013873 -0.014609 0.008733 -0.004354 0.033723 -0.047925 -0.046701 0.024263 -0.037933 -0.017138 -0.008217 -0.055794 0.007801 -0.004631 0.107777 0.004833 0.014375 0.002719 -0.037010 0.004469 0.000534 0.037950 0.022704 -0.003466 -0.046103 -0.061430 0.023430 -0.018782 -0.019666 -0.031119 0.026816 0.028593 0.018802 -0.019184 -0.013722 0.025099 0.023128 0.020849 0.010307 -0.038059 -0.001425 -0.003666 0.027345 0.015783 -0.009584 0.027325 -0.022821 -0.009173 -0.008951 -0.030576 -0.011844 
0.000520 0.017366 -0.015862 0.004815 -0.006371 0.040425 -0.017315 -0.005982 -0.027843 0.016808 0.012877 0.017579 0.013343 0.019542 -0.000311 -0.007889 -0.001065 0.013025 0.011480 0.005524 -0.014680 0.002136 -0.010603 0.021594 0.021621 0.009745 -0.010642 -0.026546 -0.015532 -0.016918 0.005520 0.003632 -0.003093 0.017774 0.002337 0.031434 -0.009306 0.009305 0.005491 -0.004616 -0.006811 -0.001795 -0.026387 0.015636 0.021812 0.035191 0.015928 0.006336 -0.016675 -0.012603 0.017804 -0.032243 0.009722 -0.002027 -0.035744 -0.011280 0.012072 -0.013966 0.013032 -0.008175 0.004247 -0.018020 -0.030658 -0.009812 0.009764 0.001246 0.021228 0.014214 0.023097 -0.001302 -0.023878 -0.010392 -0.002963 -0.009563 -0.029703 0.012482 0.011756 0.008185 0.005916 0.000247 0.005066 0.024798 0.001394 -0.004908 0.022392 -0.011662 0.017875 -0.011966 -0.010391 0.010018 0.015379 0.030135 -0.026039 -0.003099 -0.031339 -0.026931 -0.004648 -0.004769 -0.007290 0.032843 -0.000792 -0.015835 -0.024878 0.018390 0.010947 -0.013511 -0.005367 0.000751 -0.017042 0.013382 0.005251 -0.021185 0.013066 -0.010709 -0.019886 0.037110 -0.027598 0.018080 -0.001849 0.027860 0.005731 -0.025009 0.009399 -0.011590 0.011850 -0.013935 -0.025287 -0.008802 
0.001584 -0.002844 0.003416 0.000073 0.025584 -0.031402 0.001896 -0.013596 0.008003 -0.065983 -0.036802 -0.003712 -0.010144 -0.012965 -0.000272 -0.028957 0.020929 0.012736 0.015425 0.008924 0.014716 0.030532 0.054326 0.022867 -0.024667 -0.011496 -0.014142 0.018948 0.044897 0.003813 0.019057 -0.001641 -0.025669 -0.024429 -0.030738 -0.034208 0.007859 -0.025596 0.029449 -0.000364 -0.002213 0.032999 0.014489 0.007080 -0.010697 -0.008935 0.009857 0.023460 -0.036532 -0.023120 -0.015735 0.008288 -0.031475 0.008472 0.001844 -0.038664 -0.033651 0.006105 -0.003125 -0.002221 0.001796 -0.003790 0.044692 -0.008056 -0.060531 -0.016834 0.036979 -0.011530 -0.055496 0.015133 -0.031918 0.001693 0.033039 0.043050 0.021361 -0.026311 0.016829 0.011691 0.001438 0.023685 0.003881 -0.002630 0.047360 0.012551 -0.027847 0.021821 -0.008864 0.017625 0.012481 0.003401 0.006001 -0.070280 0.001126 0.004743 -0.013325 0.020194 -0.015214 0.016757 -0.033324 -0.049693 0.011462 0.060690 0.055707 -0.006373 0.001912 0.026426 0.026051 -0.015319 -0.010263 -0.035787 0.031379 0.000420 -0.043194 -0.004185 -0.010699 -0.008400 0.021280 -0.000507 -0.005832 -0.017869 0.004278 0.000761 -0.011437 0.039067 0.003668 0.005303 0.029746 0.015309 
0.019295 -0.051433 0.026451 0.041014 0.060479 -0.079786 -0.019313 -0.021904 0.069477 -0.106747 -0.024022 -0.058288 -0.033802 0.002154 0.024062 -0.063068 0.023193 0.048149 0.017728 0.001570 0.044327 -0.043328 0.036179 -0.009673 -0.031170 -0.020813 0.037640 0.042725 0.062640 0.032472 -0.015510 -0.009415 0.020472 -0.047888 -0.076940 -0.108871 0.041492 -0.018093 -0.023139 0.017953 0.031292 0.076777 0.049037 -0.020843 0.003575 -0.003474 0.000597 0.014380 -0.010733 -0.050678 -0.003634 0.082749 -0.025373 -0.044769 0.063729 -0.033492 -0.020568 0.019030 -0.072364 -0.034233 -0.023324 0.040548 0.098209 0.008450 -0.078271 0.013812 0.030597 -0.065654 -0.115398 0.039680 -0.027930 -0.016890 0.075096 0.040575 0.076509 -0.033008 0.014461 0.045451 0.008119 0.046331 0.029819 -0.029503 0.037691 -0.015785 -0.043533 -0.004342 -0.025444 0.045567 -0.021558 -0.019131 -0.083643 -0.112464 0.010412 0.045287 -0.017574 0.048640 -0.023061 0.023710 -0.025088 -0.126196 0.013605 0.083667 0.110567 0.027535 -0.038748 0.085632 0.011010 -0.038229 0.026388 -0.056073 0.031517 0.018257 -0.120975 0.024351 0.001242 -0.008030 0.081390 0.003279 -0.010385 -0.057236 0.008902 0.021839 -0.066568 0.082756 -0.033574 0.004857 0.032541 0.044007 
-0.011810 0.017795 0.000596 -0.038396 -0.085798 0.060721 0.058957 0.017024 -0.037484 0.142817 0.016123 0.033384 0.038613 0.036782 -0.029634 0.045942 -0.057425 -0.038642 -0.045421 -0.028185 -0.040632 -0.005076 -0.060357 -0.000083 0.045193 0.024350 -0.033477 -0.024510 -0.107285 -0.039465 -0.038210 0.035487 -0.027764 0.062883 0.041019 0.064531 -0.055883 0.010185 -0.037725 -0.011607 -0.003959 -0.059103 -0.054871 0.073210 0.013547 -0.029462 -0.011031 -0.016818 0.019935 0.057052 0.010318 -0.031582 0.042761 0.027768 -0.018343 0.058324 0.047297 -0.004682 0.032231 0.002316 0.008337 -0.007467 -0.063420 0.017725 0.073547 0.001884 -0.063276 0.019657 0.084302 -0.023842 0.034511 0.007127 -0.051979 0.000377 -0.081317 0.012596 -0.004181 -0.063698 -0.029028 -0.018101 -0.025081 0.019324 -0.016418 0.016596 0.050793 0.030180 -0.010480 -0.022901 -0.018675 0.024879 0.009691 0.134969 0.004977 0.004704 0.038401 -0.029149 0.012050 -0.017071 0.046911 0.094860 -0.006169 -0.048247 -0.084590 -0.011219 0.023456 -0.048425 -0.037415 0.046466 0.003521 0.059522 -0.023200 -0.006655 0.106850 -0.013761 0.018624 -0.011314 -0.071104 0.001807 0.023412 0.010600 -0.026578 0.005734 0.042593 -0.078901 0.006054 -0.025465 -0.068795 -0.021954 
0.009833 -0.047613 0.014270 0.009242 0.006518 -0.033499 0.004131 -0.035389 0.049869 -0.073546 0.001289 -0.036484 -0.039378 -0.001716 0.005633 -0.050278 0.002645 0.012395 -0.005006 -0.011123 0.008732 -0.027672 0.026371 0.007960 -0.041736 -0.025512 0.036241 0.048270 0.027776 0.017141 -0.030185 0.014263 0.018663 0.007154 -0.046623 -0.086415 0.007017 -0.029363 0.000854 -0.001409 0.045528 0.041631 0.034306 0.013528 -0.006141 -0.024355 -0.023929 0.017910 -0.010875 -0.005809 -0.002416 0.045528 -0.018736 0.002453 0.044679 0.008271 -0.023452 -0.003220 -0.041249 -0.001445 -0.023169 0.022787 0.051653 0.004128 -0.040243 -0.024286 0.038655 -0.065055 -0.050439 0.030353 -0.000178 -0.012486 0.048979 0.019052 0.043113 -0.034366 0.002668 0.025705 -0.015557 0.031305 0.027207 -0.027831 0.033743 0.029630 -0.048985 0.031925 -0.016504 0.029403 0.014000 0.012849 -0.048328 -0.072130 -0.000116 0.019646 -0.005329 0.029887 0.003336 0.001242 -0.001036 -0.079148 0.011327 0.064938 0.077122 0.031624 -0.014955 0.035187 0.008166 -0.022376 0.019864 -0.027796 0.047105 -0.006849 -0.055686 -0.009088 -0.001262 -0.023406 0.052856 0.012903 0.008132 -0.062103 -0.010897 0.029380 -0.044912 0.080362 -0.048985 0.013254 0.018159 0.017091 
-0.038695 -0.013582 0.011714 -0.068357 -0.050341 0.032129 0.105438 -0.034316 0.000553 -0.028969 -0.036787 0.046520 -0.039090 -0.040219 -0.024026 0.052381 -0.033958 -0.077027 -0.085032 -0.036516 -0.002221 0.027837 0.075820 0.013465 -0.076680 -0.032300 0.020726 0.079117 0.005448 0.037176 -0.056777 0.055168 -0.061212 -0.023465 -0.021541 -0.072028 -0.049008 -0.062985 0.047967 -0.051932 0.014935 0.007459 0.058196 0.112201 0.001460 -0.128026 -0.099428 0.050467 0.005585 0.064381 -0.082092 0.034795 -0.007687 0.089821 -0.008554 0.137638 -0.036514 -0.036117 0.034495 0.061610 0.004335 0.005743 -0.005525 0.021074 -0.003183 -0.097746 0.009614 -0.049900 -0.001331 0.012684 0.038653 0.046401 0.030876 0.065487 -0.015542 -0.079408 0.009526 -0.069016 -0.008451 -0.019549 -0.006499 -0.045450 0.091722 0.161267 -0.065388 0.120972 -0.020249 0.003203 0.123401 0.043774 0.014561 -0.043927 0.008331 -0.014244 0.087870 0.044760 0.025723 -0.012210 -0.002105 -0.040625 0.007010 0.097279 0.049873 -0.074868 0.037960 -0.000979 0.007168 -0.003030 -0.028424 -0.020336 0.034753 0.057475 0.038287 -0.090779 -0.019957 -0.115543 0.007137 -0.029312 0.021885 -0.114968 -0.045779 0.068327 0.005120 -0.007001 -0.034102 -0.007371 0.024930 -0.000636 
-0.026952 0.031216 -0.013263 0.000369 -0.040808 0.006821 0.000400 -0.000289 -0.044728 0.090206 0.032488 0.032546 0.009197 0.016122 -0.029411 0.037202 -0.025069 -0.025697 -0.035978 -0.016632 -0.015356 0.014503 -0.056555 -0.012110 0.029434 0.038164 -0.009811 -0.029752 -0.049611 -0.007696 -0.005576 -0.009279 0.006279 0.027137 0.040534 0.054115 -0.016437 0.026018 -0.017380 0.010132 0.012077 -0.055359 0.002748 0.016051 0.021710 -0.004111 -0.015438 -0.033488 0.016465 0.044647 -0.017613 -0.024110 0.011693 0.027360 -0.005469 0.010298 0.020978 0.014951 0.033523 -0.003193 0.022255 -0.007812 -0.046302 -0.002750 0.080592 0.014970 -0.062819 0.025154 0.070128 -0.032697 0.025165 0.023783 -0.047289 -0.038015 -0.035425 0.032751 -0.015282 -0.028868 -0.006105 -0.039192 -0.034207 -0.009720 -0.034799 0.000556 0.041857 -0.009558 0.011139 -0.012064 -0.006902 -0.004490 0.011906 0.096596 -0.001551 0.010110 0.039045 -0.037005 0.018256 -0.009345 0.030460 0.083014 -0.022782 -0.048169 -0.059710 0.010695 0.039769 -0.052622 -0.020569 -0.001735 -0.014150 0.039732 -0.031855 -0.010427 0.073095 -0.010955 0.014763 -0.012947 -0.046804 -0.011847 0.015191 0.047399 -0.008676 -0.031211 0.034624 -0.054293 0.007060 0.000276 -0.027504 -0.008142 
0.027781 -0.006065 0.006150 0.050006 0.049394 -0.050868 -0.037118 0.013819 0.003777 -0.047983 0.005658 -0.040605 0.003302 0.023705 0.044169 -0.057548 0.013586 0.064166 0.035298 0.017330 0.005661 -0.014992 -0.008306 -0.003211 0.005767 0.022929 0.005761 -0.017553 0.012058 -0.011530 0.028162 -0.019332 0.019690 -0.017428 -0.032832 -0.029030 0.022639 -0.004763 -0.012008 0.040328 -0.001324 0.029064 -0.006259 -0.037511 0.007934 0.043045 0.037349 0.012013 -0.053986 -0.059734 0.040939 -0.016384 -0.016475 -0.035705 0.020118 -0.105407 0.021574 0.006965 -0.046470 -0.032429 -0.003501 0.020569 0.051569 -0.023684 -0.042072 0.033758 0.040002 -0.004563 -0.035791 0.011091 -0.038516 -0.008512 0.036909 0.011821 0.014521 0.003119 0.014598 0.035619 0.001591 0.037581 0.021467 0.034648 0.002419 -0.049796 0.010477 -0.044178 -0.017291 0.014170 -0.066619 -0.019947 -0.020201 -0.038819 -0.005027 0.010961 -0.050691 0.022939 -0.030797 -0.008540 -0.026964 -0.015257 0.011398 0.025515 0.035245 0.028346 -0.001033 0.062543 -0.003557 -0.025349 0.008171 -0.005875 0.029995 -0.010595 -0.060500 0.034660 -0.021228 0.054623 0.039193 0.039369 -0.029394 0.016575 0.029591 -0.032342 -0.056343 0.046748 0.004079 -0.015566 -0.023196 0.020791 
-0.032353 0.028134 0.005867 -0.109377 -0.197875 0.182102 0.141727 -0.006750 -0.082576 0.248295 0.008121 0.113780 0.039549 0.004890 -0.106310 0.148519 -0.093361 -0.141281 -0.118015 -0.069704 -0.079091 0.028011 -0.059340 -0.007065 0.029675 0.002907 -0.067516 0.015936 -0.155306 -0.031709 -0.102923 0.083394 -0.053248 0.102186 0.094631 0.114354 -0.120599 0.021229 -0.017432 -0.075809 -0.003975 -0.113709 -0.078149 0.172919 0.023755 -0.127545 -0.079704 -0.031631 0.086863 0.140855 -0.053726 -0.055778 0.071479 0.115690 -0.077374 0.244154 0.038027 -0.027786 0.104286 0.052865 0.026191 -0.050243 -0.153620 0.047020 0.159876 -0.063041 -0.107705 0.024639 0.184382 -0.046833 0.085549 0.057294 -0.093112 -0.018267 -0.143028 -0.006330 -0.005813 -0.155947 -0.046103 -0.076105 -0.050214 0.000296 0.008245 0.116547 0.055604 0.110515 -0.011060 -0.065026 0.086688 0.077622 0.087960 0.240878 0.020632 -0.019014 0.102491 -0.059763 0.067982 -0.039558 0.088882 0.141436 -0.012861 -0.093739 -0.152655 -0.085743 0.051840 -0.160782 -0.036851 0.099394 -0.022411 0.081877 -0.051028 0.018836 0.228855 -0.097140 0.020874 -0.086694 -0.149172 -0.062293 0.065406 -0.007645 -0.043260 0.054282 0.150936 -0.176950 0.014979 -0.027259 -0.083499 -0.070820 
-0.029991 0.016951 -0.006845 -0.010199 0.046616 -0.038569 -0.016011 0.000165 -0.012211 -0.031112 -0.001727 0.003146 0.006834 -0.007036 0.011091 -0.004350 0.019216 0.012560 -0.002313 0.023901 0.025452 0.014026 0.024750 0.000094 0.013665 0.016692 -0.000745 -0.016282 0.018850 -0.000016 0.038983 -0.041764 -0.019286 -0.026581 0.020729 0.011899 0.011424 -0.006803 0.010934 0.003508 -0.009729 0.000721 0.026524 -0.027101 -0.014923 0.014458 0.012184 0.011177 -0.007643 -0.011098 -0.014992 -0.017486 -0.009960 -0.006627 -0.007188 -0.045639 -0.007047 0.002364 0.013324 0.002122 0.005764 -0.011122 0.007370 -0.006845 -0.003119 0.005000 0.005463 0.016608 -0.025512 -0.019629 -0.006521 0.011279 -0.005172 0.024985 -0.011219 0.013758 -0.012032 0.010644 0.016612 -0.020830 -0.011312 -0.014360 0.001966 0.002562 -0.002997 -0.005358 0.020194 -0.002424 -0.001487 -0.020337 0.017415 -0.027515 0.002210 -0.007848 -0.004965 0.031371 0.008887 0.006654 -0.027197 0.020087 -0.000303 0.007450 0.005338 -0.005141 0.009908 -0.004502 0.017813 -0.017913 -0.014582 0.005665 -0.005014 0.004028 -0.014083 0.011336 -0.009871 0.007597 -0.006656 0.005474 -0.003155 0.026115 -0.008311 -0.036012 -0.004628 0.003608 0.016687 0.008170 0.014283 0.029682 
0.024234 0.005120 -0.008804 0.014324 -0.006343 0.016347 -0.044193 -0.002909 -0.011580 0.042395 0.027147 -0.017306 0.030480 0.021940 0.000732 -0.016557 0.034292 0.013864 0.030938 0.009963 -0.006317 0.011853 -0.030927 0.007055 0.029423 0.017281 0.001967 -0.023246 0.007060 0.002464 0.000283 -0.014912 0.032693 0.016869 0.008340 0.046683 0.023312 0.034581 -0.017782 0.000625 -0.006602 -0.005246 -0.030928 -0.043571 0.033350 0.059884 0.039951 -0.041228 0.011314 -0.007280 0.035770 -0.019325 0.002551 -0.034610 -0.010315 -0.026921 0.001912 0.010277 -0.006774 -0.042250 -0.001211 -0.012699 -0.025043 0.006992 0.030979 0.044084 -0.022896 0.012202 0.026834 0.008691 -0.024050 -0.023579 -0.025707 -0.046740 0.003823 0.034569 -0.017083 0.031773 0.013059 0.002024 -0.001500 0.029506 -0.050363 -0.088418 0.017670 -0.060878 0.018700 -0.004706 -0.037702 0.001985 0.005347 0.037655 -0.014740 0.003284 -0.034961 -0.038653 0.006887 -0.003642 0.009672 0.014219 -0.004514 -0.071264 -0.038769 0.032461 -0.017533 -0.025165 0.000154 0.004931 -0.005668 -0.002238 -0.032171 -0.024292 0.002349 0.020008 0.015830 0.040170 -0.000558 -0.014170 -0.002209 0.058710 0.028713 -0.021675 0.018946 -0.012469 0.001585 0.002562 -0.023788 0.010551 
-0.015181 -0.003433 -0.004955 0.000276 0.014648 0.003791 -0.003369 0.005974 0.000701 -0.033419 -0.015352 -0.015507 0.004851 -0.003380 0.014728 -0.005026 0.032886 0.021507 0.004707 0.011821 -0.016030 0.022713 0.038457 0.004822 -0.010396 0.015162 0.004372 -0.010495 0.031213 -0.010961 0.005768 -0.010113 -0.012696 -0.019969 -0.019515 0.003411 -0.000748 -0.006438 0.004018 -0.008564 0.017239 0.033919 0.020975 -0.006427 0.003600 0.015575 -0.014384 0.007210 -0.004170 -0.005441 0.005981 0.009475 -0.016765 0.001266 0.008773 -0.034325 -0.009030 -0.015109 -0.008957 -0.004086 -0.021132 0.014898 0.008109 0.004873 -0.013570 -0.006529 0.007425 -0.016161 -0.009600 -0.001171 -0.016273 -0.007318 0.005486 0.005719 -0.007749 0.006294 0.004991 0.010810 0.008259 0.010512 0.019300 0.016369 0.014380 -0.003752 0.000037 0.000424 0.007113 -0.020819 -0.018533 -0.002409 -0.007338 -0.036621 -0.012732 0.011242 0.001062 0.005166 -0.005810 0.000350 -0.034464 -0.021570 0.001032 0.023075 0.038852 0.030623 -0.014344 0.015455 0.014746 -0.012082 -0.014754 -0.010577 0.008155 -0.003022 -0.020901 0.011400 -0.014982 0.009111 0.013076 0.000348 0.024713 0.004346 -0.006931 -0.005676 -0.029893 0.004847 -0.008929 -0.003066 0.000168 0.014080 
0.004028 0.011797 -0.004810 -0.014621 -0.048818 0.026063 0.020674 0.028634 -0.032964 0.109347 0.020927 0.021231 0.031993 0.026889 -0.012107 0.044779 -0.041523 -0.015924 -0.014713 -0.017793 -0.025559 -0.024984 -0.055609 -0.017107 0.064967 0.023179 -0.029047 -0.028632 -0.081396 -0.036787 -0.013586 0.007755 0.025733 0.035451 0.047441 0.062812 -0.034667 0.036909 -0.038211 0.017113 -0.015735 -0.048417 -0.028884 0.039326 0.004609 -0.006597 0.015122 -0.026736 0.034691 0.018760 0.003425 -0.019959 0.009719 -0.008111 -0.007414 0.020281 0.057225 0.035052 0.012603 -0.019988 0.037042 0.005682 -0.027336 0.007064 0.056857 0.015188 -0.052442 0.046734 0.057423 -0.031443 0.028720 0.006193 -0.040324 -0.023966 -0.026927 0.033603 -0.008388 -0.028765 -0.002415 -0.030077 -0.014887 0.020623 -0.043087 -0.041519 0.046408 -0.020292 -0.010418 -0.023840 -0.049693 -0.007566 0.008222 0.107487 0.006380 0.013689 0.006470 -0.019904 -0.001396 -0.031227 0.051497 0.092433 -0.017368 -0.080204 -0.070246 -0.020109 0.009643 -0.036419 -0.044021 0.055105 0.015649 0.060160 -0.042130 -0.010113 0.062824 0.005231 0.022680 0.013747 -0.053548 -0.009010 -0.003240 0.051970 -0.004562 -0.012166 0.031673 -0.080675 0.015106 -0.020966 -0.049184 -0.032058 
0.036168 -0.020946 0.010952 0.036830 0.058773 -0.049817 -0.028375 -0.004875 0.023976 -0.082610 -0.035420 -0.041474 -0.007776 -0.015757 0.046050 -0.037952 0.041477 0.051017 0.022514 0.021621 0.005247 -0.008189 0.041253 0.003843 -0.013337 -0.024980 0.020253 0.018006 0.051945 0.002444 0.026929 -0.011592 0.012425 -0.057201 -0.065764 -0.084184 0.034722 -0.008861 -0.000839 0.006864 0.013931 0.062949 0.020274 -0.009743 -0.002523 -0.001938 0.010705 0.026537 -0.023503 -0.060081 0.006791 0.056913 -0.030847 -0.038535 0.014987 -0.048976 -0.005340 -0.003118 -0.045106 -0.006530 -0.020102 0.038562 0.075743 0.013435 -0.083019 0.016548 0.013583 -0.044807 -0.085022 0.029980 -0.028613 -0.008429 0.048488 0.053103 0.037515 -0.009299 0.032625 0.040347 0.007003 0.026811 0.027522 -0.002744 0.034700 0.000664 -0.029282 0.006212 -0.037174 0.004581 -0.022467 -0.017153 -0.026765 -0.093106 0.007573 0.029415 -0.055660 0.046092 -0.026215 0.011653 -0.035287 -0.075388 0.016083 0.086727 0.082931 0.021554 -0.029914 0.071205 0.010724 -0.038043 -0.002420 -0.041886 0.034302 0.007997 -0.097890 0.028942 -0.030016 0.008114 0.057409 0.007226 -0.007434 -0.044461 0.014590 0.010707 -0.045055 0.051972 -0.005365 -0.020824 0.018037 0.015680 
-0.009759 0.033759 -0.014324 0.008073 0.003793 0.007058 -0.015983 0.014580 -0.021052 0.015353 0.011423 0.012748 0.024850 -0.002555 0.007236 0.013665 0.003055 0.016362 0.010950 0.001937 -0.001003 0.018334 -0.007689 -0.005139 0.022861 0.027195 -0.010765 -0.039487 -0.002765 -0.037160 0.044828 -0.001448 -0.024755 -0.014136 0.034514 0.028152 -0.011699 0.003503 0.004232 0.008460 -0.026249 -0.027734 -0.005401 -0.010604 -0.008792 0.013946 -0.007098 0.014367 -0.003660 0.009828 0.003933 -0.046620 0.006182 -0.006545 -0.011086 -0.018960 0.005557 -0.001138 0.013795 0.014451 0.009453 -0.009092 -0.044834 -0.024301 0.023831 0.006964 0.000487 0.039891 0.038500 -0.015877 0.004997 0.000909 -0.023017 -0.011239 -0.028330 0.017322 -0.010843 -0.000599 0.001425 -0.012442 -0.011759 0.025627 -0.040401 0.002217 0.042052 -0.018003 0.026541 -0.012089 -0.001668 -0.010762 0.020516 0.019506 -0.012114 -0.027142 0.006574 -0.018534 -0.018357 -0.001791 -0.011121 0.068618 0.003076 -0.011504 -0.045633 -0.005829 0.011002 0.000814 -0.004864 0.002734 -0.023677 0.026721 -0.017306 0.003076 0.030512 0.010365 -0.005985 0.004942 -0.019214 0.009542 -0.002968 0.032675 0.000160 -0.021917 -0.001953 -0.022471 0.021015 -0.003045 -0.013833 -0.004429 
0.005456 -0.003849 0.003434 0.021140 0.025514 -0.038638 -0.026690 -0.003487 0.025365 -0.083138 -0.000704 -0.034168 -0.036312 -0.018746 0.014681 -0.032866 0.014820 0.021439 0.027823 0.011000 0.021850 -0.005686 0.027655 0.022670 -0.036696 -0.010238 0.039157 0.017439 0.044626 0.030743 0.019945 -0.016342 0.001542 -0.010035 -0.032579 -0.047437 0.022836 -0.025062 0.019454 0.002985 -0.001211 0.021285 0.030298 -0.038759 -0.016259 0.008594 0.009092 0.011513 -0.017524 -0.025261 0.005895 0.032933 -0.021495 -0.015891 0.021130 -0.026624 -0.013644 -0.013664 -0.011894 0.003183 -0.015576 0.018447 0.035622 -0.023548 -0.046877 -0.010279 0.038905 -0.010308 -0.043806 0.022750 -0.002009 -0.004112 0.040339 0.020284 0.041589 -0.016965 -0.006256 0.037877 0.012344 0.030532 -0.006853 -0.000496 0.015987 -0.009764 -0.020701 -0.007757 -0.005160 0.016749 0.007134 -0.012689 -0.027624 -0.089418 -0.001986 0.009942 -0.021937 0.017611 -0.006105 0.017787 -0.021439 -0.053321 -0.001534 0.025467 0.052708 0.014647 0.000437 0.024884 0.017048 -0.037160 0.008457 -0.036260 0.021152 0.003129 -0.060703 -0.007279 0.010451 0.007695 0.045053 0.012673 -0.027574 -0.009496 0.014096 -0.004692 -0.034135 0.061102 -0.021266 0.005262 0.037979 0.026675 
0.025744 -0.028817 0.018476 0.007672 0.010039 -0.041670 -0.017605 -0.013642 0.033379 -0.021759 0.014276 -0.030289 -0.009004 0.000186 0.015590 -0.020563 -0.010908 0.017950 0.002482 -0.012543 0.011894 -0.036940 -0.005344 -0.005756 -0.016658 -0.013047 0.025995 0.033163 -0.011520 0.027584 -0.013460 -0.002663 0.024822 0.003720 -0.025197 -0.034628 0.017423 0.003474 -0.007162 0.022030 0.002420 0.024396 -0.000495 -0.014868 -0.006563 0.000483 0.005200 0.001832 -0.003793 -0.003480 0.030573 0.022583 -0.011741 -0.027323 0.023877 -0.011749 0.019480 0.001379 -0.041196 -0.018975 -0.009789 0.019531 0.025985 -0.008089 -0.013151 0.007777 0.017138 -0.010100 -0.019929 0.002953 0.001132 -0.013205 0.039145 0.004700 0.032080 -0.015217 -0.013940 0.035052 -0.010855 0.040852 0.002283 -0.010150 -0.012478 -0.017482 -0.023409 -0.006149 -0.038192 0.034373 -0.034654 -0.002180 -0.046626 -0.020622 -0.005237 0.016766 -0.013718 0.019187 0.002935 -0.003005 0.008830 -0.024826 0.005614 -0.003402 0.021383 -0.005546 -0.003092 0.022541 -0.020286 -0.007463 0.043275 -0.015774 0.014861 -0.002153 -0.024039 -0.014318 0.020589 0.009765 0.042882 0.007861 -0.023942 -0.019057 0.016490 0.026261 -0.024219 0.051963 -0.015842 -0.000944 0.002132 0.016380 
-0.008403 0.046853 -0.017232 -0.040200 -0.108050 0.111237 0.041785 0.030725 -0.069527 0.205960 0.033655 0.064927 0.077063 0.029759 -0.053983 0.092916 -0.041013 -0.068669 -0.027930 -0.013486 -0.063710 0.023665 -0.089777 -0.010595 0.097605 0.033183 -0.070274 -0.056431 -0.117167 -0.057412 -0.034330 0.036745 0.014271 0.056065 0.099206 0.154124 -0.058177 0.065425 -0.034267 -0.007926 -0.018965 -0.100967 -0.089835 0.047918 0.017723 -0.003923 -0.006860 -0.074828 0.077912 0.065891 0.017835 -0.085795 0.057986 0.003521 -0.037222 0.088203 0.047050 0.016083 0.061887 -0.004680 0.032070 -0.039444 -0.112903 0.021207 0.133782 0.022525 -0.101024 0.071580 0.140705 -0.046157 0.044729 0.016335 -0.102859 -0.068875 -0.100631 0.066337 -0.004591 -0.087049 -0.017038 -0.066663 -0.031315 0.043680 -0.070089 -0.033056 0.076863 -0.013575 0.010400 -0.064236 -0.034383 0.008842 0.074354 0.222993 0.020920 -0.013784 0.055664 -0.080734 0.034711 -0.026724 0.061279 0.144568 -0.023596 -0.139038 -0.172677 -0.021285 0.010300 -0.115443 -0.023658 0.087392 -0.016999 0.075801 -0.090617 0.001374 0.155047 0.007542 0.014439 -0.007618 -0.124337 -0.041703 0.043229 0.071659 -0.004293 -0.026986 0.104751 -0.159345 0.036628 -0.020613 -0.068673 -0.061545 
-0.005676 0.012818 0.000484 -0.022949 -0.038157 0.046208 0.022799 0.027592 -0.044716 0.095764 0.005704 0.029860 0.031815 0.018133 -0.020428 0.063157 -0.017149 -0.026938 -0.016976 0.000439 -0.028608 0.024056 -0.033390 -0.012776 0.032664 0.010199 -0.028259 -0.021148 -0.066406 -0.035069 -0.005661 0.004255 -0.000898 -0.000551 0.052175 0.083815 -0.008239 0.058136 -0.004791 -0.003480 -0.036755 -0.037430 -0.039453 0.017823 -0.014396 -0.016215 0.020246 -0.028701 0.034030 0.024269 0.006034 -0.049569 0.019429 -0.005262 -0.016780 0.038402 0.043407 0.005121 0.027602 0.018562 0.024269 -0.017764 -0.061457 0.035497 0.045170 0.019850 -0.058346 0.045482 0.067477 -0.037292 0.035128 0.022243 -0.050613 -0.017533 -0.040901 0.022946 -0.023201 -0.047972 -0.019936 -0.045675 -0.014683 0.011914 -0.032662 -0.000633 0.031173 -0.017364 -0.015587 -0.025112 -0.013360 -0.010035 0.040961 0.118208 0.010842 -0.019302 0.037422 -0.032359 0.035331 -0.007550 0.012858 0.079610 -0.016764 -0.085342 -0.085708 -0.023664 0.017721 -0.048294 -0.014098 0.045903 0.003283 0.044379 -0.044202 0.029716 0.064859 0.004646 -0.004719 -0.007734 -0.049980 -0.024452 0.016880 0.043433 -0.009119 -0.024581 0.040167 -0.080027 0.028379 -0.019814 -0.035127 -0.035546 
0.010215 0.006177 0.010769 -0.015623 -0.025551 0.037163 0.009817 -0.009939 -0.009644 0.037476 0.003945 0.001762 0.025967 0.007821 -0.000217 0.019157 -0.004103 -0.013465 0.004025 -0.017676 -0.014071 0.006130 -0.013874 -0.004750 0.028717 0.001761 -0.001915 -0.005152 -0.008160 -0.021991 -0.008317 0.023127 -0.010231 0.018161 0.012749 0.020533 -0.023593 -0.004018 -0.005731 -0.025319 -0.007066 -0.018994 -0.011708 0.030627 0.003957 -0.025581 0.003174 -0.009092 0.004560 0.007676 -0.002359 -0.000007 0.016569 0.019784 0.001560 0.037507 0.003938 0.005351 0.018946 0.003203 -0.002829 0.002127 0.000334 -0.001251 0.021687 0.006689 -0.024371 0.001181 0.019183 0.011704 -0.001293 -0.009007 -0.011881 0.005127 -0.033157 -0.007150 0.013892 -0.005826 -0.029016 -0.005869 -0.014476 0.010899 -0.004558 0.003436 0.016060 0.022015 -0.011987 -0.008777 -0.000817 0.023198 0.011809 0.035186 0.001649 -0.014684 -0.003344 -0.003942 -0.009798 -0.009173 0.008924 0.017425 -0.000120 -0.011193 -0.032155 -0.006937 -0.011644 -0.015679 -0.019821 0.010549 -0.000886 0.013437 -0.000970 0.000030 0.015319 -0.002944 -0.005354 -0.013186 -0.006506 -0.012374 -0.008764 -0.003882 -0.005896 0.015898 0.025244 -0.022413 0.000187 -0.006190 -0.020168 -0.011170 
-0.011541 -0.001245 0.000654 -0.046087 -0.068588 0.084681 0.067885 0.001384 -0.011692 0.071722 -0.012333 0.038229 0.017268 0.010596 -0.041219 0.065083 -0.019888 -0.063238 -0.026902 -0.024585 -0.037367 0.015352 -0.000022 -0.005892 0.002747 -0.022977 -0.038170 0.013340 -0.047250 -0.015273 -0.059879 0.040237 -0.016116 0.019270 0.018898 0.024619 -0.035354 0.019715 -0.002649 -0.035684 0.004735 -0.034692 -0.034828 0.071685 0.003860 -0.061588 -0.025361 -0.016698 0.043011 0.036121 -0.025980 0.003950 0.023190 0.037570 -0.016602 0.109928 0.005300 -0.010736 0.045868 -0.002777 0.007477 -0.011611 -0.038125 0.034178 0.043219 -0.018504 -0.052314 -0.018408 0.046502 0.019424 0.019669 0.018714 -0.040062 0.003459 -0.037913 -0.008631 0.014728 -0.070272 0.004083 -0.016753 0.002348 0.003787 0.029276 0.041303 0.005484 0.052186 -0.005979 -0.034362 0.032694 0.035909 0.037556 0.064106 0.020791 0.000659 0.045122 -0.031050 0.012392 -0.002372 0.023683 0.013020 0.008735 -0.011648 -0.037669 -0.024922 -0.001476 -0.048115 0.008078 0.052352 -0.015112 0.016443 -0.031291 0.006257 0.067408 -0.022465 -0.004214 -0.044974 -0.066279 -0.041682 0.027778 -0.018733 -0.017123 0.034026 0.066555 -0.086155 -0.012165 -0.014261 -0.015723 -0.034557 
-0.014374 0.029784 -0.006732 -0.006485 -0.022383 0.014526 0.015782 0.013871 -0.002569 -0.002063 0.017201 0.015330 0.001313 -0.044834 0.007728 0.034422 -0.014351 -0.036263 -0.009606 -0.036978 0.007505 0.015394 -0.001276 -0.009189 -0.017431 -0.022121 0.014315 0.015201 0.003732 0.011153 0.014397 0.028788 -0.020333 -0.003913 0.015065 -0.000788 -0.017582 -0.010308 0.025606 0.008837 -0.018482 -0.031093 0.002918 0.026830 -0.017605 -0.044445 -0.032740 0.027343 0.006375 0.016975 -0.044363 -0.003384 0.011381 0.034683 -0.004915 0.043086 -0.016916 -0.004479 0.026824 0.039536 0.013375 0.005172 -0.028146 -0.017208 0.007177 -0.027159 0.024588 0.018268 0.015899 -0.015980 0.032850 0.030332 -0.002656 -0.008840 -0.012544 -0.018884 -0.006699 -0.012165 -0.026708 -0.015120 -0.037523 -0.025375 -0.001916 0.088376 -0.005460 0.042308 0.016263 0.018321 0.060616 0.007750 0.025843 0.004536 0.002253 -0.038648 0.045860 0.004199 -0.000834 0.000155 0.006810 0.022781 -0.020434 0.006477 -0.011527 -0.059268 0.020428 -0.006287 -0.007251 -0.006288 -0.003857 -0.008629 -0.011351 0.006703 0.030753 -0.008637 -0.007404 -0.054669 -0.019530 -0.019098 -0.019268 -0.022835 -0.029904 0.014480 0.010616 -0.009870 -0.000016 0.011413 0.038590 -0.030367 
0.028966 -0.005861 0.021111 0.013468 0.092342 -0.054543 -0.012159 -0.018495 0.054813 -0.154478 -0.052569 -0.043742 -0.010390 -0.062862 0.043757 -0.033736 0.028274 0.013428 0.029029 0.008995 0.039971 0.025615 0.083412 -0.002402 -0.050758 -0.035285 -0.004265 0.064820 0.102270 0.006970 0.020367 0.014651 -0.006980 -0.095935 -0.060210 -0.107411 0.028999 -0.031702 0.036481 0.008811 -0.003403 0.062074 0.039275 0.003375 -0.042868 -0.028138 -0.023605 0.064195 -0.021663 -0.042800 -0.036683 0.035621 -0.020954 -0.015933 0.021473 0.020809 -0.051511 -0.007821 -0.053839 0.004703 -0.015207 0.015055 0.081135 0.006489 -0.108618 -0.037608 0.098430 -0.062245 -0.119315 0.040678 -0.026563 0.011216 0.079272 0.058386 0.050203 -0.051981 0.046143 0.030032 0.007180 0.027897 0.019801 -0.020628 0.067488 0.067028 -0.080926 0.031180 -0.028719 0.038794 0.051354 -0.002119 -0.010858 -0.142201 0.021969 -0.010701 -0.001549 0.080249 -0.020456 0.027843 -0.053715 -0.124033 0.013286 0.139355 0.098532 -0.048810 -0.015092 0.081081 0.048191 -0.029047 -0.004835 -0.077872 0.027698 0.042253 -0.123707 0.006719 -0.058356 -0.057633 0.076241 -0.019785 -0.027390 -0.092890 -0.009253 0.055000 -0.051761 0.059516 -0.013262 0.006870 0.074209 0.020435 
0.004872 0.004914 0.015261 -0.023297 -0.032937 0.015913 0.052731 -0.007355 0.016722 0.004733 -0.008686 0.011230 -0.024045 -0.016692 -0.018899 0.025324 -0.038138 -0.019030 -0.025026 -0.023126 -0.000603 -0.006227 0.003937 -0.000804 -0.017144 -0.016397 0.008721 0.035284 -0.007480 0.001316 -0.013470 0.016368 -0.026128 0.011094 -0.019313 -0.035947 -0.040617 -0.034080 -0.005709 -0.019715 0.002371 0.005997 0.011277 0.058591 -0.012865 -0.060780 -0.018983 0.002208 0.014621 0.014873 -0.040465 0.048458 0.000452 0.046416 -0.006570 0.077571 0.007755 0.005580 0.010976 0.033045 0.001834 0.013947 0.009048 -0.006357 -0.009128 -0.025817 0.001436 -0.027886 -0.007993 0.001220 0.021767 0.011539 0.001362 0.026121 0.003567 -0.029729 -0.001013 -0.022503 -0.019674 0.000296 -0.015203 -0.031416 0.027363 0.063035 -0.005985 0.050824 -0.018771 0.020316 0.051309 0.019297 -0.009734 -0.022712 0.018542 -0.002231 0.035627 0.030079 -0.006980 0.007135 0.006761 -0.015625 0.008362 0.008831 0.019349 -0.040432 -0.007823 -0.014052 -0.014110 0.008745 -0.008664 -0.007195 0.011306 0.032358 0.012452 -0.037750 0.008463 -0.055953 0.011820 -0.011115 -0.010050 -0.048366 -0.020033 0.052566 0.021719 -0.001256 -0.001959 0.003680 0.019552 -0.023959 
0.025672 -0.076664 0.057834 0.029243 0.046064 -0.067253 0.009122 -0.040956 0.104025 -0.179970 -0.052412 -0.083037 -0.061039 -0.026198 0.030705 -0.080525 0.022000 0.044781 0.006206 -0.016541 0.007824 -0.019100 0.100329 0.007927 -0.088079 -0.079367 0.068310 0.072353 0.117276 0.055598 -0.002167 0.018176 -0.022717 -0.043739 -0.135470 -0.205088 0.032723 -0.082898 0.014972 -0.030264 0.047607 0.131239 0.070559 0.015574 -0.019310 -0.054190 -0.045079 0.061352 -0.054934 -0.058541 -0.000193 0.146443 -0.042417 0.013327 0.064663 0.002864 -0.058418 -0.019437 -0.089345 0.011556 -0.057175 0.086183 0.134271 0.013266 -0.154749 -0.041745 0.082029 -0.123611 -0.147024 0.052918 -0.056741 -0.043450 0.126571 0.090867 0.090907 -0.098020 0.039594 0.075212 -0.016048 0.074266 0.047137 -0.050219 0.082882 0.070043 -0.084384 0.079577 -0.081518 0.056813 0.041051 0.020969 -0.091412 -0.216215 0.004147 0.026051 -0.023623 0.090270 -0.046541 0.031391 -0.062530 -0.190143 0.043622 0.176578 0.202734 0.020451 -0.059838 0.132152 0.021807 -0.037844 0.036054 -0.084583 0.099824 0.030345 -0.163782 -0.002556 -0.012672 -0.032635 0.140595 0.010977 -0.004387 -0.156204 -0.034817 0.084387 -0.082737 0.156146 -0.065038 0.022249 0.060922 0.034708 
-0.019956 -0.016504 0.003754 0.001386 -0.011394 -0.006325 0.010816 -0.036639 0.029649 -0.042837 -0.002946 0.004514 -0.021942 -0.012851 -0.002174 -0.012335 0.012532 -0.005252 -0.015726 0.002891 0.008019 -0.022167 0.024162 -0.000829 -0.042251 -0.004574 0.027641 0.032644 0.018547 0.038077 -0.010674 -0.002284 -0.015614 0.003397 -0.030767 -0.034619 -0.006459 -0.012588 0.014310 -0.026909 0.030870 0.022680 0.034104 -0.008631 0.001565 -0.008899 -0.020391 0.016448 0.005412 0.019621 -0.027610 0.041424 0.001533 0.022590 -0.001555 0.024596 -0.041869 -0.025894 0.012889 0.002124 -0.025453 -0.003480 0.001573 0.002950 -0.018689 -0.018074 -0.002116 -0.039001 -0.011219 0.017817 0.007757 -0.002101 0.015965 0.002685 0.017244 -0.030042 -0.023577 0.013952 0.004967 0.019012 -0.003735 -0.032678 0.016835 0.020650 -0.015681 0.024881 0.026771 0.004333 0.042755 0.009100 -0.028951 -0.046653 -0.011866 0.019237 0.002747 0.005832 0.002504 0.016330 -0.010824 -0.047857 0.004040 0.030268 0.043111 0.014947 0.002267 0.007548 0.009306 -0.035770 -0.002977 -0.029656 0.023306 -0.009211 0.000676 -0.034127 0.013281 -0.021525 0.025222 0.007507 0.012844 -0.037569 0.012158 0.018904 -0.003594 0.047362 -0.009423 0.019151 0.021799 0.023461 
-0.025495 -0.009044 0.027411 -0.039096 -0.082641 0.020955 0.091538 -0.010240 -0.025255 0.059136 -0.006950 0.041854 -0.032098 -0.000454 -0.043205 0.059616 -0.058217 -0.052560 -0.083308 -0.027095 -0.024243 0.000399 0.010126 0.003252 -0.042556 -0.007103 0.029196 0.036948 -0.052673 0.025429 -0.041971 0.001305 -0.038739 0.015366 -0.009015 -0.021790 -0.038479 -0.024891 -0.002739 -0.033116 0.016321 -0.010938 0.027543 0.072514 -0.005925 -0.086344 -0.027794 -0.019392 0.017998 0.048289 -0.036247 0.050468 -0.017091 0.070773 0.001755 0.098117 0.030052 -0.011296 0.042233 0.054005 0.002428 0.018316 -0.018479 0.031832 0.013940 -0.050984 -0.076314 -0.041288 0.036782 -0.026362 0.065109 0.046198 -0.009709 0.039815 -0.041838 -0.037098 -0.022440 -0.056378 -0.022272 -0.012793 -0.035623 -0.057405 0.041108 0.099211 0.015618 0.077450 -0.045218 -0.005369 0.043402 0.016005 -0.002043 0.033379 0.010996 0.024319 0.057883 0.020331 0.033352 0.001666 0.007806 0.017439 -0.008978 0.003339 0.012416 -0.027970 0.034213 -0.023644 -0.021514 0.010712 -0.005813 0.010360 0.030856 0.037569 0.052611 -0.061324 0.019804 -0.071299 -0.007359 -0.005251 0.029270 -0.039509 -0.043894 0.023019 0.029870 -0.026517 0.004686 -0.023834 -0.020451 -0.001483 
-0.029160 0.025667 -0.020420 -0.028545 -0.034386 0.034658 0.023414 0.003801 -0.044103 0.038830 0.019969 0.044998 0.015939 -0.007376 -0.020522 0.050868 -0.022932 -0.043245 -0.005596 -0.018983 -0.008442 0.036681 -0.014789 -0.015178 0.020612 0.025547 -0.025606 -0.020136 -0.024530 -0.013965 0.009026 0.019903 -0.026756 0.010361 0.042132 0.055085 -0.027957 0.003967 0.013000 -0.008122 -0.013802 -0.055287 0.003912 0.029003 -0.007938 -0.015310 -0.014465 -0.012300 0.026543 0.054685 -0.034847 -0.050302 0.025379 0.035727 -0.009319 0.050064 -0.004188 0.003032 0.041327 0.017347 0.023266 -0.029586 -0.057436 -0.015183 0.044102 -0.011647 -0.005231 0.022326 0.043807 -0.031061 0.030970 0.012945 -0.034455 -0.017199 -0.042287 0.013158 -0.002279 -0.049313 -0.007924 -0.036974 -0.027554 0.006367 -0.026768 0.036336 0.030981 0.012898 0.034346 -0.012202 0.013599 0.003048 0.040720 0.067222 -0.007143 -0.032315 0.052073 -0.026122 0.018576 -0.019460 0.013923 0.063363 -0.011833 -0.026921 -0.074597 -0.014931 0.010047 -0.049666 -0.021876 0.020859 -0.024590 0.028764 -0.009444 0.017641 0.078435 -0.010510 -0.014503 -0.013850 -0.056394 0.003434 0.001360 0.028029 -0.018551 -0.003239 0.039448 -0.044059 0.008743 0.009309 -0.017967 -0.024174 
0.005835 0.024042 0.006416 -0.028523 -0.056449 0.075732 0.017186 -0.007141 -0.045090 0.093450 0.014828 0.025545 0.044247 0.015797 -0.012437 0.031744 0.007057 -0.021442 -0.008438 -0.006529 -0.025382 0.032342 -0.052444 0.006809 0.067586 0.008738 -0.047448 -0.005787 -0.061088 -0.024156 -0.031104 0.047597 0.021237 0.059962 0.037574 0.056271 -0.032653 0.027568 -0.024266 -0.004761 0.005283 -0.056216 -0.059521 0.063666 0.021345 -0.004688 -0.029249 -0.010206 0.025809 0.023824 0.003707 -0.042228 0.021631 -0.009437 -0.036628 0.057065 0.008822 0.015817 0.013173 -0.024280 0.032296 -0.029085 -0.016598 -0.007731 0.060420 -0.001347 -0.037625 0.006245 0.042198 -0.019668 0.014086 0.008927 -0.039079 -0.015226 -0.036562 -0.001893 0.005512 -0.028676 -0.006489 -0.025761 -0.022855 0.012588 -0.018331 -0.016174 0.012798 0.016201 0.023682 -0.044148 0.000061 0.045126 0.023191 0.115662 -0.003068 0.013155 -0.015049 -0.042290 0.015361 -0.032843 0.026182 0.042720 -0.022638 -0.024415 -0.066524 0.013259 -0.003083 -0.043911 -0.009099 0.027954 0.004840 0.025173 -0.033554 -0.027880 0.057045 -0.005207 0.014997 0.004148 -0.085057 -0.027856 0.009777 0.008417 0.015595 -0.005815 0.061003 -0.055952 -0.006262 -0.007288 -0.049698 -0.021932 
-0.003265 0.010665 0.016430 -0.056053 -0.118999 0.087714 0.086890 -0.004893 -0.025117 0.124406 0.006410 0.048067 0.013432 0.022930 -0.041296 0.079274 -0.068799 -0.051687 -0.058691 -0.037818 -0.058370 -0.008581 -0.035594 -0.011216 0.037469 -0.005428 -0.013820 -0.000721 -0.105121 -0.030239 -0.052999 0.037603 -0.018743 0.063679 0.009565 0.040458 -0.073289 -0.004101 -0.039591 -0.027832 0.010814 -0.039006 -0.037975 0.085059 0.020783 -0.063979 -0.025218 -0.020142 0.040042 0.064403 -0.020743 -0.003740 0.032788 0.051980 -0.020631 0.107642 0.047629 -0.014698 0.041548 0.018526 0.004504 0.002298 -0.066768 0.026496 0.055685 -0.026422 -0.073120 -0.018487 0.097818 -0.013572 0.040007 0.026390 -0.051000 0.006454 -0.075304 -0.010373 0.001324 -0.070153 -0.037914 -0.017903 -0.029384 -0.000105 0.000024 0.056220 0.043121 0.071574 -0.018025 -0.033823 0.004559 0.042832 0.001697 0.121769 0.012907 0.022971 0.040423 -0.020515 0.018785 -0.024059 0.038960 0.061480 -0.002741 -0.053490 -0.059021 -0.030333 0.012695 -0.064841 -0.035183 0.047558 0.014916 0.031307 0.001677 0.009452 0.106069 -0.041620 0.014906 -0.038262 -0.052648 -0.007961 0.044374 -0.014926 -0.016349 0.039074 0.070893 -0.068470 0.005606 -0.027079 -0.063621 -0.023449 
0.014007 -0.029368 0.012134 -0.014225 -0.035048 0.028818 0.004079 -0.015330 0.008301 0.032199 -0.005891 0.008225 0.003808 0.008150 -0.013092 -0.001842 0.002669 -0.010917 0.004006 -0.008073 -0.030549 -0.024839 0.003427 -0.012946 0.010511 -0.019180 -0.002010 0.015685 -0.021041 0.006934 -0.038198 0.020714 0.026113 0.029970 -0.014870 0.014372 -0.009304 0.013474 -0.024643 -0.013656 0.024994 0.010554 -0.026591 0.024995 0.011174 -0.014185 0.002054 -0.024716 0.046329 0.001430 0.012771 0.018777 -0.000188 -0.020648 -0.003050 0.052640 0.008810 0.009544 -0.016530 -0.026877 -0.011154 0.021074 0.005386 0.034233 0.013505 0.021435 -0.027813 -0.023450 0.008631 0.007962 0.015030 -0.014516 -0.004935 0.001433 0.015730 -0.003119 0.008030 -0.004541 0.014865 -0.003079 0.014204 -0.015529 0.004192 -0.027127 -0.009540 -0.011361 -0.018538 -0.009011 -0.007845 0.006785 -0.012822 0.027849 0.009244 0.033702 -0.009364 -0.009399 0.011290 -0.019968 0.028140 -0.018994 0.007546 -0.011792 -0.003289 0.006162 -0.023977 -0.018505 0.006045 -0.000515 0.005517 -0.003894 -0.019108 -0.028000 0.012104 -0.002295 0.025090 0.008363 -0.007471 -0.018119 0.011443 -0.012212 0.008526 0.024046 0.033117 -0.014221 -0.000885 -0.012085 -0.005700 -0.016979 
0.004407 0.003902 0.016580 -0.001536 -0.037495 0.011932 0.016326 -0.008022 -0.017575 0.074320 0.024036 0.000985 0.005972 0.028652 -0.014923 -0.015351 -0.030323 0.004103 -0.021702 -0.020933 -0.005545 -0.031269 -0.040044 -0.013146 0.012878 0.003492 0.010572 0.007085 -0.062064 0.005844 -0.023458 -0.001332 0.014296 0.051723 0.000281 0.020483 -0.011896 0.033373 -0.011273 0.010440 0.011582 -0.015585 -0.009774 0.024466 0.017803 -0.014116 0.002968 -0.020338 -0.002747 0.014736 0.021404 0.005066 0.002839 -0.002471 0.001079 0.020465 0.032092 0.006162 -0.004745 -0.001710 0.012586 0.009927 -0.007646 0.015495 0.029932 0.001660 -0.027049 -0.007863 0.034693 -0.023808 0.015259 -0.006526 -0.015061 -0.008368 -0.009964 0.003712 -0.027560 -0.006027 -0.025080 0.002318 -0.026666 -0.007465 -0.011521 -0.003873 0.025820 -0.005126 -0.017735 -0.006313 -0.009632 0.005129 -0.010517 0.052245 0.001356 0.022314 -0.004387 -0.001152 0.006627 -0.009937 0.024605 0.027501 -0.008401 -0.026777 -0.014853 0.007629 0.020029 -0.011522 -0.032036 0.013200 0.015495 0.006903 -0.007934 -0.014027 0.029185 -0.014762 0.019512 0.001044 0.006628 -0.001590 -0.002648 0.007232 -0.003704 -0.006879 0.009302 -0.013666 -0.014859 -0.018177 -0.023918 -0.005624 
0.027204 -0.047002 0.033867 0.003910 0.020274 -0.011245 0.051370 -0.044705 0.073933 -0.116355 -0.053774 -0.033693 -0.044922 -0.042493 0.014384 -0.042159 -0.006557 0.012595 -0.009417 -0.014890 0.002807 -0.014909 0.078833 0.021988 -0.094745 -0.087350 0.050458 0.086339 0.056618 0.049445 -0.037475 0.041177 -0.036673 -0.028861 -0.106727 -0.166132 0.004473 -0.077360 0.019810 -0.043598 0.040532 0.074832 0.028953 0.053374 -0.014017 -0.068921 -0.044379 0.061508 -0.045637 -0.024474 -0.020089 0.101365 -0.017565 0.038132 0.020713 0.070492 -0.046476 -0.030335 -0.042168 0.029520 -0.051847 0.052424 0.083109 0.016760 -0.111509 -0.051544 0.074604 -0.100740 -0.095159 0.055503 -0.012421 -0.004205 0.092836 0.076034 0.050029 -0.104374 0.050771 0.038327 -0.017240 0.054443 0.025872 -0.033034 0.097906 0.098175 -0.083997 0.086499 -0.055951 0.048056 0.096621 0.034055 -0.042141 -0.154448 0.013974 -0.002667 -0.010618 0.064839 -0.036337 0.035554 -0.038097 -0.157267 0.030805 0.139628 0.136405 -0.028991 -0.027582 0.078298 0.032629 -0.032666 0.018153 -0.061783 0.068425 0.025447 -0.094504 -0.027648 -0.008780 -0.067933 0.106943 -0.010947 -0.017266 -0.150984 -0.036777 0.095223 -0.030974 0.082277 -0.040952 0.007382 0.058916 0.003149 
-0.019786 -0.015368 -0.000163 -0.004790 0.039046 -0.060236 0.009842 0.003430 0.020711 -0.070326 -0.032028 -0.024573 -0.026782 -0.031029 0.004353 -0.000007 -0.001116 0.013267 -0.000260 0.004161 0.011971 -0.009218 0.063376 0.000111 -0.052272 -0.016761 0.041638 -0.001842 0.044989 0.024265 0.012589 -0.034791 -0.027977 -0.047888 -0.022701 -0.049634 0.041287 -0.019845 0.024511 0.009798 -0.012186 0.040387 0.070688 -0.031292 -0.026921 -0.006495 -0.002838 0.000683 -0.018060 -0.009430 -0.003223 0.026359 -0.010966 0.012553 0.025148 -0.035171 0.003712 -0.014673 -0.016107 0.039932 -0.027798 0.024777 0.022968 0.024855 -0.048223 -0.025681 0.007722 -0.007618 -0.037002 0.005918 0.009874 0.008038 0.022928 0.016456 0.034946 -0.000691 0.001672 0.011688 0.009251 0.017173 0.024409 -0.029565 0.018888 0.030132 -0.018338 0.015461 -0.027943 0.033514 0.006149 -0.022343 -0.018745 -0.071502 0.001571 -0.014935 0.036815 0.028980 0.009645 0.014564 -0.027167 -0.049113 0.005812 0.015017 0.054677 -0.022897 -0.003719 0.038410 0.012138 -0.020432 0.005403 -0.007869 0.024015 0.034609 -0.039592 0.009475 -0.013455 -0.013536 0.058505 0.012220 0.008085 -0.012885 -0.028362 -0.004399 -0.033751 0.021014 -0.001238 0.011181 0.022670 0.013853 
-0.013720 0.012202 0.004099 -0.040882 -0.064686 0.055297 0.051267 -0.029414 -0.008030 0.045620 0.012810 0.042729 -0.017602 -0.009166 -0.034154 0.048783 -0.031241 -0.060886 -0.048121 -0.024824 -0.030594 0.024705 -0.007293 0.010954 -0.017369 -0.001637 0.001183 0.020005 -0.026637 0.015376 -0.017112 0.013137 -0.045874 0.049007 0.017218 0.017246 -0.048168 -0.030739 0.000166 -0.039750 0.004634 -0.032622 0.020844 0.040521 0.001495 -0.058331 -0.026467 -0.011808 0.028463 0.059448 -0.042647 0.021034 0.000712 0.066757 -0.025519 0.090758 -0.008208 -0.021985 0.039419 0.042194 -0.006559 -0.018043 -0.037120 0.001396 0.032516 -0.052214 -0.038853 -0.019235 0.044375 -0.018936 0.031082 0.011779 -0.021930 0.006488 -0.042592 -0.024432 -0.011139 -0.045470 -0.025304 -0.018978 -0.037626 -0.026585 0.006099 0.065493 0.022370 0.069956 0.023028 -0.013088 0.070159 0.050376 -0.000381 0.008462 0.007910 -0.006784 0.058312 -0.008121 0.013153 0.009711 0.006366 0.012693 0.000729 -0.015042 -0.006311 -0.011830 0.027214 -0.060801 -0.009872 0.012442 -0.030472 0.000428 0.016543 0.020750 0.074445 -0.061965 0.019959 -0.053049 -0.022649 -0.018370 0.027945 -0.015266 -0.019007 0.034842 0.054624 -0.024151 -0.002953 0.017828 0.006650 -0.015895 
